id,lat,lon,amenity,name
444668632,20.940679,105.732,fuel,Trạm Xăng Dầu Số 38
444668646,20.876726,105.540532,fuel,Cx5
446031977,21.0142815,105.8053548,parking,
446032584,21.006303,105.802732,parking,
446032585,21.003461,105.800271,parking,
446033480,21.012178,105.8121691,parking,
446036302,21.0157073,105.8162045,parking,
446043006,21.0180191,105.9431245,fuel,Petrolimex
446043769,20.870532,105.520227,fuel,trạm xăng
446043771,20.904116,105.4686235,fuel,Cxang
446043787,20.904396,105.474478,fuel,Cxang1
446043792,20.871746,105.505151,fuel,trạm xăng
446044253,20.910035,105.608056,fuel,trạm xăng
446044284,20.831725,105.358314,fuel,trạm xăng
481837948,20.9515618,106.0082201,fuel,Petrolimex
481837970,21.003484,105.963495,fuel,Trạm xăng
481838049,20.95314,106.005851,fuel,Trạm xăng
481838137,21.0052601,105.9613399,fuel,Petrolimex
481838440,21.0433351,105.8184609,fuel,Cây Xăng Dốc Tam Đa
481838466,21.0441979,105.8155123,fuel,Cửa hàng xăng dầu số 14
729787428,20.9655573,105.770123,fuel,
729787433,21.0153211,105.8091008,fuel,Petrolimex
729787441,21.013919,105.807127,fuel,
729787466,20.9992508,105.8050668,fuel,
729787473,21.04076,105.8129446,fuel,
729787477,21.023288,105.8626846,fuel,
729787484,20.9891791,105.8414483,fuel,
729787494,21.079775,105.8171153,fuel,
729787498,21.0207492,105.8312559,fuel,
729787499,21.0798251,105.9094638,fuel,Petrolimex
729787504,21.0638951,105.8949573,fuel,Petrolimex
729787509,21.0583964,105.8913609,fuel,
729787512,21.0379944,105.8097676,fuel,Cửa Hàng Xăng Dầu Quân Đội
729787516,21.0444482,105.8461178,fuel,Petrolimex
729787518,21.0240141,105.8159405,fuel,
729787522,20.9933489,105.7966028,fuel,Petrolimex
729787523,20.9935966,105.863024,fuel,
729787536,20.9634233,105.8423173,fuel,
729787537,20.9983644,105.8055281,fuel,
729787540,21.0193772,105.8326989,fuel,
729787543,20.9949588,105.8499938,fuel,
729787546,21.0338318,105.9063135,fuel,Petrolimex
729787547,21.0378661,105.7723063,fuel,
729787554,21.0188586,105.859751,fuel,
729787557,21.0458518,105.8758503,fuel,
729787558,21.0337234,105.909576,fuel,Petrolimex
729787561,20.9630626,105.7638466,fuel,
729787566,20.9520567,105.7516426,fuel,Cửa Hàng Xăng Dầu Số 6
729787569,21.0101847,105.8187998,fuel,
729787574,21.0146821,105.8469203,fuel,
729787575,21.0645151,105.8941288,fuel,CHXD số 1
729787583,21.0119159,105.863893,fuel,
729787587,21.023293,105.8626806,fuel,
729787595,21.0317251,105.8300864,fuel,Petrolimex
729787596,20.9993059,105.8084142,fuel,Petrolimex
729787598,20.9779748,105.7855967,fuel,Petrolimex
729787599,21.0183281,105.8612833,fuel,Trạm xăng dầu số 9 - CTXD Quân đội
729787609,21.0173223,105.8036302,fuel,Petrolimex
729787610,20.9988959,105.7968415,fuel,
729787613,20.9984148,105.8687489,fuel,
729787624,21.0441883,105.8841708,fuel,PV Oil
729787625,20.9523573,105.751943,fuel,Đại Lý Xăng Dầu Phú Nghĩa
729787629,20.9631829,105.7657885,fuel,
729787630,21.0178449,105.8543229,fuel,
729787632,21.0459171,105.7986055,fuel,
963363866,21.1911268,105.781022,fuel,
993196878,21.0365709,105.9350919,fuel,Petrolimex
1316134567,21.0741351,105.7986459,fuel,TotalEnergies
1685289349,20.9994067,105.7274347,police,SCH e218
1692799421,21.0268833,105.8157554,fuel,
1927580768,20.9341185,105.8466168,fuel,
2064569293,21.0637316,105.8280689,parking,
2090705707,21.167053,105.9295253,fuel,Trạm xăng dầu
2294332939,21.0561954,105.8340317,parking,
2294333471,21.0595296,105.8324089,parking,
2294333472,21.0586935,105.8323821,parking,
2294341637,21.0567662,105.8356946,parking,
2295379842,21.027797,105.8219856,parking,
2297882785,21.0536012,105.8887212,parking,
2302087705,21.0209119,105.8616699,parking,
2302087706,21.030173,105.8571737,parking,Bãi Đỗ Xe Trần Quang Khải 1B
2302087707,21.0260413,105.859295,fuel,Petrolimex
2302087708,21.0266975,105.8590384,parking,
2302087709,21.0282011,105.8581314,parking,Bãi Đỗ Xe Trần Quang Khải 2
2302087710,21.0225765,105.8611788,parking,
2517309626,20.9826498,105.9202505,fuel,Petrolimex
2517415060,21.0226069,105.9348882,fuel,Petrolimex
2649232862,20.6888334,105.7481198,fuel,Petrolimex
2649232865,20.7097474,105.7668237,fuel,Petrolimex
2649232868,20.7386371,105.7701253,fuel,Petrolimex
2649232871,20.8576475,105.7657116,fuel,Petrolimex
2649232874,20.9417746,105.7566329,fuel,Petrolimex
2649232877,20.7446878,105.7686078,fuel,Petrovietnam
2669659555,20.6083574,105.7776444,parking,
2835735042,20.6053043,105.7758936,parking,
2888519851,21.1182367,105.3680443,fuel,
2888526084,21.1194377,105.3806829,fuel,
2888537586,21.1052081,105.4237988,fuel,Cửa Hàng Xăng Dầu Số 12 – Tản Lĩnh
3955347819,21.0365691,105.8004486,parking,
4047783404,21.0250965,105.7725359,fuel,Cửa Hàng Xăng Dầu Hải Linh
4084973794,21.3586558,105.6265552,fuel,
4212583092,21.0468819,105.7056171,fuel,
4212619189,21.0465091,105.6959991,fuel,Trạm xăng Sơn Đồng
4272697291,20.983329,105.8630539,bus_station,Bến Xe Bus Mai Động
4385137690,20.7467403,105.9118079,fuel,
4435984990,20.998543,105.96999,fuel,Petrolimex
4436012589,20.951908,106.00876,fuel,PV Oil
4437430494,20.6874458,105.9114703,fuel,
4437430495,20.6803957,105.9123709,fuel,Petrolimex
4437430496,20.6521307,105.9174722,fuel,
4437430497,20.5716074,105.9243855,fuel,Petrolimex
4437430498,20.5676665,105.9228848,fuel,Petrolimex
4437454490,20.6265768,105.9214039,fuel,
4437454491,20.5863993,105.9268083,fuel,
4437490292,20.8808703,105.8601244,fuel,Petrolimex
4437490294,20.7261692,105.9127408,fuel,
4437491192,20.749572,105.9111958,fuel,
4437491193,20.6884564,105.9113609,fuel,Petrolimex
4437493190,20.7353295,105.9129031,fuel,Petrolimex
4437493191,20.6999916,105.9107948,fuel,Petrolimex
4437496190,20.6849643,105.9116923,fuel,PV Oil
4437505396,20.8324019,105.8769982,fuel,
4437505397,20.7483517,105.9113929,fuel,
4437505594,20.8420384,105.8732386,fuel,Petrolimex
4437505691,20.8233466,105.882149,fuel,Petrolimex
4437511090,20.6704197,105.9148974,fuel,Petrolimex
4437511091,20.6340155,105.9197718,fuel,Petrolimex
4437511890,20.9079623,105.8533301,fuel,PV Oil
4437511891,20.7954013,105.8883193,fuel,
4437512489,20.895978,105.8556842,fuel,
4437513189,20.5808467,105.9266042,fuel,
4498363791,21.3440952,105.6231408,fuel,Petrolimex
4539826442,20.9896253,105.7989402,police,Công an phường Thanh Xuân
4551148209,21.0656439,105.8247815,police,Công An Phường Quảng An
4578730791,21.0072808,105.8698631,fuel,Petrolimex
4659378790,21.0288555,105.836555,parking,
4746575131,21.2582104,105.660108,fuel,Cửa Hàng Xăng Dầu Số 9
4749011954,21.0083302,105.8456204,parking,
4753070414,21.123168,106.008347,fuel,HD Petrol
4753071319,21.099318,105.931748,fuel,Petrolimex
4755946691,21.0711917,105.9556709,fuel,
4763199433,20.8169783,105.3423336,fuel,
4849066823,20.8173539,105.3428074,bus_station,bến xe Hoà Bình
5119181408,21.0270551,105.8162656,parking,
5126355635,20.9845077,105.7688509,fuel,Petrolimex
5132824421,20.9665896,105.7587244,fuel,
5234639027,21.2841242,105.5346441,fuel,Trạm xăng
5296714134,21.0359399,105.7380136,fuel,Trạm Xăng Xuân Phương
5304647964,21.026021,105.7166249,fuel,Trạm Xăng Lại Yên
5395341322,21.3779635,105.3347739,fuel,
5395341323,21.3782758,105.335109,fuel,
5477872782,21.2126954,105.4124775,fuel,
5485717692,21.0613988,105.7730135,fuel,Cửa Hàng Xăng Dầu Cổ Nhuế
5485764296,21.0217717,105.8954606,fuel,Cây Xăng Làng Nha
5485810346,21.0263262,105.8227694,police,Công an phường Giảng Võ (Cơ sở 3)
5527201503,21.0829383,105.7703769,fuel,
5527201504,21.0830373,105.7702477,fuel,
5568555371,21.1166606,105.7716712,fuel,
5641457300,20.8373454,105.3420407,police,Công an thành phố Hòa Bình
5683788865,20.9610735,105.8217701,parking,
5927859026,21.0946558,105.9260939,fuel,Cửa Hàng Xăng Dầu Yên Viên
5928104784,21.0012492,105.9161636,fuel,Trạm Xăng Dầu Caltex
5928119980,20.9120639,105.9531083,fuel,Petrolimex
6040579108,20.5701557,105.9522857,fuel,
6040579137,20.5733766,105.9503454,fuel,
6180693687,21.1542778,105.8135045,fuel,Petrolimex
6185887753,21.0902592,105.921749,fuel,Cửa Hàng Xăng Dầu Quân đội T608
6185888337,21.0941944,105.9253183,bus_station,Bến xe Yên Viên
6605926926,20.9821648,105.8785856,fuel,Petrolimex
6641776757,20.9677438,105.8770265,fuel,Red River Petroleum
6658113650,20.8693835,105.8320284,fuel,
6665984363,21.0007423,105.7833068,parking,
6666528584,20.9848186,105.7748336,bus_station,Nhà chờ Vạn Phúc 2
6670716126,21.0019826,105.8493485,fuel,Cửa hàng xăng dầu Bách Khoa
6689794090,21.0175003,105.8620752,parking,
6703664633,21.0348842,105.8699276,fuel,Cây Xăng Bồ Đề
6742138882,21.2538706,105.8476326,fuel,Petrolimex
6811787476,21.0011388,105.7846415,parking,
6815011885,21.344241,105.623448,bus_station,
6917941578,21.0622229,105.9104327,parking,
6917941588,21.0638009,105.9111926,parking,
6917941595,21.0642856,105.911031,parking,
6924044140,21.0635731,105.9111807,parking,
6924044145,21.0651751,105.9108073,parking,
6924959571,21.0632401,105.9092045,parking,
7087861769,21.1495441,105.8464362,fuel,Cửa Hàng Xăng Dầu Petrolimex
7119318267,21.2455574,105.6763852,fuel,
7120625652,20.8085361,105.6625885,fuel,Cửa Hàng Xăng Dầu Đồng Tâm
7138497037,20.8065541,105.7091512,fuel,Cửa Hàng Xăng Dầu Sơn Hải
7147983901,21.3768765,105.8967577,fuel,Trạm xăng Petrolimex
7262900285,20.9047946,105.3846377,fuel,Petrolimex
8237661959,20.9822771,105.7697899,bus_station,Nhà chờ Vạn Phúc 1
8237661960,20.9794492,105.7658813,bus_station,Nhà chờ Dương Nội
8237661961,20.9765799,105.7622311,bus_station,Nhà chờ Văn Khê
8237661962,20.9732321,105.7579152,bus_station,Nhà chờ An Hưng
8237661963,20.9702597,105.7546847,bus_station,Nhà chờ Cầu La Khê
8237661964,20.9676805,105.7554593,bus_station,Nhà chờ KĐT Park City
8237661965,20.9654082,105.7595464,bus_station,Nhà chờ La Khê
8237661966,20.9628298,105.7640737,bus_station,Nhà chờ Văn Phú
8237661967,20.9600405,105.7619604,bus_station,Nhà chờ Văn La
8237661968,20.9568735,105.7578525,bus_station,Nhà chờ Ba La
8259365775,21.120719,105.9647635,police,Công an phường Đông Ngàn
8285607064,21.0080704,105.839496,parking,
8285607068,21.03272,105.8559547,parking,Bãi Đỗ Xe Trần Quang Khải 1A
8303360354,21.0014988,105.7989816,fuel,Trạm xăng dầu Sông Hồng
8357571559,21.0716098,105.7784589,parking,
8363029998,21.0688166,105.7611941,parking,Bãi Đậu Xe Đại Học Mỏ - Địa Chất
8557069330,20.9857442,105.8955479,fuel,Cây Xăng Việt Vương
8888307573,20.9745938,105.8092199,fuel,Cây Xăng Vạn Thuận
8936032791,21.0138823,105.795862,parking,
9009764731,20.9705156,105.8468519,police,Công an phường Hoàng Mai
9169689588,20.971658,105.7750946,parking,
9173687911,20.920464,105.6979932,parking,
9238285928,21.0720411,105.8091725,fire_station,Đội Cảnh Sát PCCC & CNCH Quận Tây Hồ
9369325891,21.0237486,105.8154104,fuel,Petrolimex
9369325905,20.9794574,105.8426363,fuel,Petrolimex
9369398513,20.9122791,105.8741559,fuel,PV Oil
9370395215,21.0614538,105.7219543,fuel,Petrolimex
9370397418,20.9558823,105.7567526,fuel,Petrolimex
9370397469,21.0820981,105.6748722,fuel,Petrolimex
9370397476,21.1944732,105.4297146,fuel,Petrolimex
9393977622,20.9476264,105.7846878,parking,Bãi Giữ Xe Ô Tô - Tòa 3 Hưng Thịnh
9458515372,21.2904343,105.7900601,parking,
9459524154,21.3006273,105.8010994,parking,
9514109429,21.029351,105.7824291,parking,
9516430620,21.2315563,105.7067868,bus_station,Bến xe Phúc Yên
9629121730,20.6405421,105.8970649,fuel,
9674282469,21.037803,105.8084292,fuel,Trạm Xăng Dầu Số 31
9763231304,20.9901861,105.6469628,fuel,Cửa hàng Xăng dầu Hưng Thịnh
9766564006,21.0135166,105.8525401,fuel,
9860810501,20.9955216,105.7492787,fuel,Trạm xăng dầu số 39
9875849052,21.0268331,105.9952925,fuel,Petrolimex
9974294432,21.0160716,105.8171397,police,Cơ sở đăng ký xe số 1 - Đội quản lý xe
9978808402,21.3057916,105.7991782,parking,
10063035517,21.0358511,105.8458776,parking,
10166537632,21.0673267,105.7614368,parking,
10166537643,21.0688098,105.7662868,parking,Máy bay HVCS - Mạnh
10558508677,21.2993672,105.7999158,parking,
10658457960,20.9272571,105.9450804,parking,
10845506042,21.044374,105.8151575,parking,
10872918333,21.0553112,105.8091337,parking,
10945738975,21.0567705,105.8200318,parking,
10989194221,21.1153724,105.4956692,fuel,MipeCorp
10989194445,21.0560475,105.4998911,fuel,Petrolimex
11009625130,21.2064764,105.4161467,parking,
11054088593,20.9999289,105.6479053,fuel,Trạm Xăng Dầu Hoàng Xá
11058019887,20.681807,105.6655408,fuel,Xăng dầu số 15 Kim Bôi
11058019890,20.7282923,105.6476589,fuel,Cây Xăng Lương Sơn Hòa Bình
11093570358,21.214928,105.4048661,fuel,
11097869066,20.8921925,105.5813368,fuel,Trạm Xăng Dầu Mipec số 4
11097869079,20.8488777,105.6217173,fuel,Trạm Xăng dầu Đồng Tiến
11097869080,20.8522309,105.5996628,fuel,Cửa hàng xăng dầu Nam Phương
11097869081,20.8423944,105.635137,fuel,Cửa hành xăng dầu Hoàng Văn Thụ
11097869082,20.8401619,105.6391664,fuel,Petrolimex
11097869083,20.8311989,105.6420114,fuel,Cửa hàng xăng dầu Thành Lập
11097869084,20.8207002,105.6433229,fuel,Trạm Xăng Dầu Trần Phú
11097869085,20.627716,105.6853089,fuel,Cây xăng An Phú
11097869086,20.5661883,105.7050124,fuel,Cửa hàng xăng dầu Phú Thành
11101917374,20.8012776,105.6449357,fuel,Petrolimex
11101923027,20.9462885,105.8290876,fuel,Petrolimex
11101923032,20.9305039,105.8481152,fuel,Petrolimex
11101923052,20.770894,105.9035038,fuel,Petrolimex
11101923053,20.7845373,105.9187418,fuel,Petrolimex
11101923074,20.7382288,105.8696078,fuel,Petrolimex
11101923084,20.7205484,105.8302732,fuel,Petrolimex
11101923091,20.7739772,105.7706746,fuel,Petrolimex
11101923119,20.6274076,105.6872533,fuel,Petrolimex
11101923120,20.9932878,105.6379588,fuel,Petrolimex
11101923125,21.0116348,105.5184536,fuel,Petrolimex
11101923142,21.0722967,105.3208407,fuel,Petrolimex
11101923158,21.1244832,105.7768035,fuel,Petrolimex
11103953090,21.0196101,105.9640198,fuel,Petrolimex
11103953098,21.0234682,105.9751732,fuel,Petrolimex
11103959226,21.1275352,105.8675639,fuel,Petrolimex
11103959246,21.1412736,105.874199,fuel,Petrolimex
11103959256,21.1453576,105.863737,fuel,Petrolimex
11103959257,21.1420478,105.845233,fuel,Petrolimex
11103959266,21.1488112,105.8451362,fuel,Petrolimex
11103959276,21.1483884,105.8367227,fuel,Petrolimex
11103959284,21.17702,105.7303905,fuel,Petrolimex
11103959297,21.1989816,105.8483362,fuel,Petrolimex
11103959360,21.2864534,105.8606583,fuel,Petrolimex
11103959372,21.3112277,105.8307331,fuel,Petrolimex
11114292235,21.0261953,105.8282951,parking,
11167471043,21.0289969,105.7934447,parking,
11167471088,21.0287002,105.7937427,parking,
11167471355,21.0282929,105.793575,parking,
11176949971,21.0416386,105.8014473,parking,
11179095958,21.0440144,105.798014,parking,
11189845391,21.0447112,105.7981596,parking,
11202169266,21.0156411,105.8325,police,
11203075430,21.1983492,105.7760851,fuel,Cửa hàng xăng dầu Quang Minh
11204387960,21.1324839,105.7601381,fuel,Cửa hàng xăng dầu Đại Mạch
11208375966,21.014067,105.7817437,parking,Bãi xe ngầm Mễ Trì Hạ
11210213011,21.0478994,105.7845298,parking,
11210686046,21.0465266,105.7853516,parking,
11212433357,21.0483196,105.7828835,parking,
11212433358,21.0486096,105.7827902,parking,
11212488901,21.0485537,105.783392,parking,
11212821597,21.0464577,105.7815423,police,
11212959365,21.0467116,105.7831463,parking,
11237948974,21.0542631,105.7879374,parking,
11238001751,21.0467927,105.7949287,parking,
11243896806,21.0349449,105.7980307,parking,
11419728362,21.0174727,105.8601562,parking,
11472672208,20.6432269,106.003503,fuel,Petrolimex
11472672263,20.6460536,105.9729151,fuel,Petrolimex
11472697015,20.6419494,105.8772166,fuel,Petrolimex
11472697042,20.5696436,105.8816637,fuel,Petrolimex
11590941891,21.0125432,105.8125853,police,Công an phường Láng
11590966806,21.0423014,105.8087405,police,Công an phường Ngọc Hà (Cơ sở 6)
11591058311,21.0393427,105.782018,parking,
11613557295,21.0370351,105.783153,parking,
11614903268,21.037713,105.7846918,parking,
11614945289,21.0371894,105.7830028,parking,
11617804913,21.0405303,105.7836074,parking,
11625397935,21.0150535,105.8493672,police,Công an phường Hai Bà Trưng (Cơ sở 5)
11633344425,21.0455068,105.8691113,police,Công an phường Ngọc Lâm
11661738042,21.0357397,105.7892447,parking,
11662137469,21.3091301,105.3926604,fuel,Cây xăng Quân Đội
11662139069,21.3047496,105.4151692,fuel,Petrolimex Gas Station
11672484868,21.0444806,105.7974124,parking,
11690446912,20.9380573,105.7697165,police,Công an phường Phú Lương
11743192822,21.3623786,105.8184018,police,Công an xã Bắc Sơn
11766280899,21.2244696,105.8318013,police,Công an xã Mai Đình
11890621269,21.1221986,105.6343626,bus_station,
12055608081,21.0369647,105.8324473,parking,
12061058551,21.0322143,105.8398585,parking,
12064677193,21.0353408,105.8418192,parking,
12064677194,21.0350879,105.8432038,parking,
12064681819,21.0334962,105.8434653,parking,
12084554886,21.0331374,105.838091,police,Bộ Tư lệnh Cảnh vệ
12093006354,21.0303948,105.8368985,parking,
12135061538,20.8791859,105.7595125,fuel,Cửa hàng xăng dầu Mỹ Bảo
12135152816,20.9071409,105.7615015,fuel,Cửa hàng xăng dầu Mỹ Bảo 2
12169956856,21.3460207,105.9913284,fuel,
12231662472,20.9668877,105.8216303,fuel,Petrolimex
12270506453,21.3463558,105.9903982,bus_station,Bến xe Hiệp Hòa
12309257326,21.1375786,105.621909,fuel,
12369553654,21.1996291,105.8448846,fuel,Mipec
12369553666,21.2137529,105.8486801,fuel,Petrolimex
12398929145,21.0367485,105.8698983,fuel,Cửa hàng xăng dầu Bồ Đề
12410491468,21.0783307,105.299456,fuel,Petrolimex
12432012121,21.0025299,105.3125419,fuel,Petrolimex
12458554805,20.9878398,105.8968475,parking,Bãi xe tải H13
12473285189,20.6392512,105.8637885,fuel,
12518451308,21.0268928,105.7993281,fuel,PV Oil
12548844506,20.7552394,105.331153,fuel,
12548844609,20.7966396,105.356616,fuel,
12548844610,20.853945,105.3514529,fuel,
12548844611,20.8642183,105.3477637,fuel,
12548844810,20.8142886,105.3590455,fuel,
12548844811,20.8198331,105.3574508,fuel,
12548844812,20.839413,105.3589367,fuel,
12548844813,20.8421929,105.3577103,fuel,
12548844814,20.9935756,105.4106126,fuel,
12548844903,20.7414396,105.3255356,fuel,
12548844905,20.9875966,105.4084804,fuel,
12595244743,20.9877999,105.8313868,parking,Bãi xe số 1 Định Công
12646866305,20.9867798,105.9021103,parking,Bãi xe 83
12662265317,21.0268975,105.7091561,police,Công an xã Lại Yên
12672723258,21.1068616,105.2922591,fuel,
12672825866,21.0851283,105.6273201,fuel,
12672830057,21.1124602,105.5312358,fuel,
12733600067,21.3000754,105.6264954,bus_station,Bến xe Vĩnh Yên
12733600084,21.2147117,105.5147257,bus_station,BX TT Vĩnh Tường
12733600086,21.2694509,105.7187647,bus_station,Bến xe Phúc Yên mới
12753660801,21.2782177,105.5142493,fuel,Petrolimex
12814597011,20.9458303,105.9779715,parking,
12860550542,20.8676812,105.8580337,fuel,Petrolimex
12872755601,20.5845,105.2951917,police,
12880166665,20.9465177,105.8701503,police,Công an xã Yên Mỹ
12956763960,21.1541442,106.0127853,fuel,Petrolimex – Cửa hàng số 162
13041512665,21.150857,105.9572889,fuel,Petrolimex – Cửa hàng số 12
13041538638,21.1324871,105.9630187,fuel,Petrolimex – Cửa hàng số 11
13043144465,21.1890498,105.9982032,fuel,Petrolimex – Cửa hàng số 17
13094385257,21.3062098,105.5731786,fuel,
13094442219,20.8883058,105.5791598,fuel,
13094442341,21.2381765,105.6842196,fuel,
13094448052,21.2872517,105.6327572,fuel,
13094448053,21.3051795,105.6189653,fuel,
13094450854,21.2878681,105.5464676,fuel,
13094455645,21.2956595,105.5557711,fuel,
13094456225,21.2403728,105.7339557,fuel,
13094456226,21.239099,105.7296201,fuel,
13094456227,20.8796096,105.57791,fuel,
13094457886,21.2320714,105.7124703,fuel,
13094460273,21.0438982,105.5086293,fuel,
13094460715,20.905582,105.5784931,fuel,
13094463276,20.9257741,105.5715688,fuel,
13094463786,21.1312154,105.4852892,fuel,
13094463787,20.779025,105.6382832,fuel,
13094465061,21.2283619,105.7592133,fuel,
13094466032,21.231057,105.6970945,fuel,
13094466035,21.2989688,105.5591844,fuel,
13094467852,21.2395802,105.5310636,fuel,
13094469592,21.0990325,105.4978525,fuel,
13094473360,21.2364849,105.7206708,fuel,
13094475026,20.941801,105.5561001,fuel,
13094475791,21.2316697,105.6918498,fuel,
13094475792,21.093554,105.4991317,fuel,
13094476314,20.9857618,105.5264588,fuel,
13094477277,20.6943052,105.6555377,fuel,
13094479258,21.292022,105.5517302,fuel,
13094480241,21.231942,105.8011749,fuel,
13094481249,21.2597213,105.6576544,fuel,
13094487231,20.9638255,105.5362238,fuel,
13094487306,21.0244741,105.5203841,fuel,
13094490316,20.9663571,105.5355827,fuel,
13094499898,20.7899638,105.6425188,fuel,
13094499899,20.6597871,105.6734956,fuel,
13094499924,21.1154193,105.495675,fuel,
13094501042,21.2479069,105.6731438,fuel,
13094501044,20.7401773,105.6416325,fuel,
13094501132,21.2329159,105.5276486,fuel,
13094502125,21.3139288,105.6019793,fuel,
13094505112,21.2279485,105.5244119,fuel,
13094505583,21.0853857,105.5024339,fuel,
13094508042,21.0282916,105.5187422,fuel,
13094508318,20.9769279,105.530588,fuel,
13094509057,20.568138,105.7041603,fuel,
13102927790,20.9473051,105.9828189,parking,
13102927791,20.9484324,105.9822549,parking,
13111998601,21.0098192,105.8457618,police,Công an phường Hai Bà Trưng (Trụ sở chính)
13157633758,20.934053,106.0126158,fuel,Cửa hàng Xăng dầu Petrolimex Số 87
13175011676,20.9327122,105.9460386,fuel,Petrolimex - Cửa hàng 57
13179594112,21.2103421,105.9644854,fuel,Petrolimex – Cửa hàng số 16
13197041120,20.9549522,105.9861698,police,Trụ sở Công An xã Nghĩa Trụ
13229881816,21.0048512,105.8653632,police,Công an phường Vĩnh Tuy
13253536743,21.0096927,105.8286457,parking,
13257124673,20.8641215,105.7599199,fire_station,Đội Chữa cháy và Cứu nạn cứu hộ khu vực số 33
13257251358,20.9299896,106.0146773,parking,
13318821077,20.9325819,105.9463854,fuel,Petrolimex  Gas Station Store No.57
13318821078,20.9327605,105.9464106,fuel,Petrolimex  Gas Station Store No.57
13318821079,20.9327217,105.9465649,fuel,Petrolimex Gas Station Store No.57
13325635578,20.9535105,105.9492802,fuel,Cửa Hàng Xăng Dầu Hưng Hải
13327589769,20.9465194,105.9838535,parking,
13327589785,20.9471993,105.9854307,parking,
13327589786,20.9480677,105.9856328,parking,
13327589793,20.9490312,105.9851509,parking,
13327600201,20.9499965,105.9846869,parking,
13327600208,20.950894,105.9842648,parking,
13327600215,20.9521815,105.9836381,parking,
13327600236,20.9516129,105.9813457,parking,
13327600244,20.9507997,105.9811419,parking,
13351098653,20.950856,105.9750262,parking,
13380882101,21.0298147,105.8358937,parking,
13390624587,20.8357238,105.97878,police,Công an Thị trấn Khoái Châu
13398872628,21.304373,105.4237215,fuel,Petrolimex Gas Station
13398872629,21.3382893,105.3714577,fuel,Petrolimex Gas Station
13398872630,21.3108207,105.4198295,fuel,Petrolimex Gas Station
13399060942,21.3363439,105.3718713,fuel,Petrolimex Gas Station
13410317630,21.3161698,105.3737714,fuel,PV Oil
13431986179,21.3426952,105.3625162,fuel,Petrolimex Gas Station
13436861128,21.2992686,105.3033398,fuel,Petrolimex Gas Station
13450193763,20.9425325,105.9801307,parking,
13465373251,21.0412425,105.7259393,parking,
13504036576,21.2545578,105.3347533,fuel,PV Oil
13508111901,21.2998581,105.4290567,fuel,PV Oil
13511897851,21.3487303,105.3610972,fuel,Petrolimex Gas Station
13519493219,21.3656378,105.3089519,fuel,Petrolimex Gas Station
13551355603,21.1268047,105.8442464,fuel,
13551355701,21.1918282,105.8481363,fuel,
13551356701,21.1732851,105.8473136,fuel,Petrolimex
13611773602,21.3354637,105.686384,fuel,Pvoil
13611773603,21.3372656,105.6618037,fuel,
13611817805,21.1505805,105.7563868,fuel,
13611823301,21.3691657,105.60631,fuel,
13613705910,20.946282,106.0008474,fire_station,Điểm cứu hỏa xã Vĩnh Khúc
13614826906,21.114365,105.9786972,fuel,Cửa Hàng Xăng Dầu Khu Công Nghiệp Tiên Sơn
13632874501,21.0794214,105.9085689,fuel,
13640055802,21.3730531,105.6406113,fuel,
13640055902,21.3080527,105.600759,fuel,
13640055904,21.337718,105.6497391,fuel,
13640055909,21.2138333,105.7051204,fuel,
13640059201,21.2060797,105.7065303,fuel,
13666178830,21.3344363,105.3840204,fuel,Petrolimex Gas Station
13684802566,21.0135552,105.8525387,fuel,
13686528031,21.0106991,105.811555,fuel,
13726773789,20.95282,106.0056675,fuel,Petrolimex
13727353794,20.9574793,106.0001,bus_station,
13784047104,21.0355832,105.7897792,parking,
13809700097,21.0316739,105.8466186,parking,
13865741140,21.1415281,105.5873813,fuel,Cửa hàng xăng dầu Xuân Phú
13938642428,20.9827343,105.8633013,fuel,Cửa hàng bán lẻ xăng dầu Sang Mạn
14127459241,21.1127182,105.9590215,police,Đội Cảnh sát Giao thông đường bộ số 1 - Tổ Từ Sơn
14127459242,21.1125213,105.958575,police,Công an phường Từ Sơn
14127459243,21.1973388,105.9533349,police,Đội Cảnh sát Giao thông đường bộ số 1 - Tổ Yên Phong
14209613565,21.1957546,105.9475263,fuel,
14210678204,21.0391202,105.8512254,bus_station,Sao Viet
14210992401,21.344889,105.624518,fuel,Petrolimex
14230060521,20.9910831,105.7887177,police,Công an phường Đại Mỗ (Trụ sở chính)
14233092279,21.0101154,105.8534509,police,Công an phường Hai Bà Trưng (Cơ sở 4)
14233146509,21.0343267,105.8555147,police,Công an phường Hồng Hà (Cơ sở 4)
14235244526,21.0112576,105.9045418,police,Công an phường Long Biên (Cơ sở 3)
37378235,21.2141422,105.8016255,parking,Bãi đỗ xe sân bay Nội Bài
136255955,20.9864266,105.8274381,parking,Bãi xe số 2 Định Công
136258990,21.0029907,105.8397618,parking,
156006445,20.9806965,105.8422211,bus_station,Bến xe Giáp Bát
180075256,21.0178247,105.8061902,parking,
180085328,21.015372,105.8087772,parking,
185541716,21.0395732,105.8404747,parking,
207314367,21.0291191,105.8033558,bus_station,Trạm trung chuyển Cầu Giấy
220694550,21.0485089,105.8789759,bus_station,Bến xe Gia Lâm
292907001,21.0391991,105.851641,parking,Bãi đỗ xe Trần Nhật Duật
324548611,20.9928494,105.8146462,police,Công an phường Khương Đình
335145872,21.069529,105.7847412,bus_station,Công ty Cổ phần Xe Điện Hà Nội
335347845,21.0671281,105.7823099,police,Công an phường Cổ Nhuế 2
337920899,21.0439971,105.7983917,police,Phòng Cảnh sát hình sự
402425858,21.0153972,105.7663519,parking,
479832647,21.0175405,105.9478601,parking,
487098789,21.0594713,105.8323058,parking,
487856899,21.0534948,105.8412557,parking,
487856904,21.0412801,105.8416442,parking,
487952967,21.0591194,105.8325175,parking,
487952968,21.059217,105.8327513,parking,
499831762,21.0490534,105.7767553,parking,
501182871,21.2175971,105.7893394,parking,
501182877,21.2167287,105.7922451,parking,
501292496,21.2172365,105.7938689,parking,
501292498,21.217655,105.7947288,parking,
501720088,21.2183827,105.7811516,parking,Bãi giữ xe Thành An
502809321,21.2096098,105.7055828,parking,Bãi đỗ xe nghĩa trang Thanh Tước
533838209,21.0290952,105.7628126,parking,
548076508,20.964794,105.8533092,parking,
548262261,21.0351096,105.7396888,police,Công An Phường Xuân Phương
549444556,21.0270798,105.8166814,parking,
570570002,21.0117192,105.8243064,parking,Bãi gửi xe ô tô trong công viên Đống Đa
570570880,21.0137661,105.8273337,fuel,Petrolimex
570573275,21.0230196,105.803153,parking,
570582916,21.0094912,105.8485926,parking,Bãi gửi xe Đội Cung
570600192,21.0355745,105.7785613,police,Trụ sở công an phường Mai Dịch
570602365,20.9085603,105.5748884,parking,Bãi đỗ xe ký túc xá
576742553,21.1085559,105.9514388,police,Công an phường Đình Bảng
577155259,21.1095106,105.9463059,fire_station,"Đội Cảnh sát phòng cháy, chữa cháy và Cứu nạn, cứu hộ Khu vực Từ Sơn"
577203282,21.1087342,105.9592858,parking,Bãi đỗ xe Đền Đô
583382351,21.0396279,105.9092349,parking,
587841712,21.0060313,105.930971,parking,Bãi gửi xe
588629125,21.0253104,105.7919964,fire_station,Phòng Cảnh sát PCCC và CNCH - Công an thành phố Hà Nội
588630036,21.0249462,105.7918653,fuel,
589659636,21.0035121,105.932407,parking,bãi gửi xe
590074827,21.0096001,105.9340021,parking,bãi gửi xe
590074872,21.0036552,105.9358557,parking,Bãi gửi xe
590963762,20.8141912,105.3450024,police,Công an tỉnh Hoà Bình
591449527,20.8175002,105.3428713,bus_station,
595927159,20.9500909,105.7472628,bus_station,Bến xe Yên Nghĩa
595927216,20.9600996,105.7656705,police,Công an phường Kiến Hưng (Cơ sở 2)
605352234,21.1915958,106.0050135,fuel,PV Oil
608058162,21.0395747,105.793033,parking,
624623948,20.9467211,105.6163672,police,
627949996,20.901833,105.9654705,fuel,PV Oil
627950002,20.8920728,105.9751593,fuel,P V Oil
638520456,20.9812405,105.8631561,parking,Bãi đỗ xe công cộng và dịch vụ Đền Lừ
641558816,21.0684256,105.7070224,fire_station,Đội Chữa cháy và Cứu nạn cứu hộ khu vực số 23
642181121,21.0683697,105.7081072,police,Công an xã Hoài Đức
642181129,21.069333,105.7098352,police,Công an huyện Hoài Đức
648728968,21.1124986,105.9589494,police,Công an phường Từ Sơn
660703673,21.0943157,105.9255517,parking,
660703674,21.0946329,105.9255114,parking,
661138412,21.0978761,105.9167728,police,Công An Xã Yên Thường
696389232,21.0344029,105.8393687,parking,
696389233,21.033401,105.8391827,parking,
697791128,21.0379944,105.8319056,police,Trung đoàn 600 Bộ Tư lệnh Cảnh vệ
698018283,21.0433679,105.8374088,police,
699057518,21.0584563,105.7788006,parking,
699905164,21.0415839,105.8296526,fuel,Cửa hàng Xăng dầu 19 Thuỵ Khuê
700654148,21.0408422,105.8473228,police,Công an phường Nguyễn Trung Trực
700840690,21.0341174,105.851915,police,Công an phường Hoàn Kiếm (Cơ sở 3)
700840709,21.0359839,105.851322,police,Công an phường Hoàn Kiếm (Cơ sở 5)
701386723,20.9742527,105.8658815,fuel,Petrolimex
701454351,21.0464113,105.7904436,fuel,Cửa hàng Xăng dầu Nghĩa Tân
702456255,21.0268827,105.8370551,police,Trung đoàn Cảnh sát Cơ động
702796631,21.0801487,105.8168479,fuel,
702920706,21.0680375,105.8902245,fuel,Petrolimex
702924874,21.0029702,105.8547552,fuel,Eneos
702945491,21.1162751,105.7872724,fuel,Petrolimex
703227289,20.9763412,105.8361931,fuel,Cây Xăng Đại Kim
703989459,21.0753504,105.7854214,fuel,Eneos
704063248,21.0697074,105.7850289,fuel,
704147258,21.0250474,105.8573382,police,Công an phường Hoàn Kiếm (Trụ sở chính)
704147260,21.0252563,105.8575687,police,Công an phường Hoàn Kiếm (Cơ sở 2)
704147323,21.0220784,105.846242,police,Công an Thành phố Hà Nội
704147369,21.0236222,105.8486111,police,"Phòng An ninh mạng và phòng, chống tội phạm sử dụng công nghệ cao"
704250764,21.0385032,105.8725285,police,
704250766,21.0385356,105.8725272,police,Công an phường Bồ Đề (Trụ sở chính)
704250768,21.038036,105.8719495,police,Công an phường Bồ Đề (Cơ sở 2)
704252305,21.0486197,105.8846211,police,Công an phường Bồ Đề (Cơ sở 3)
704568443,21.0501025,105.8071615,fuel,Total
704603037,20.9834443,105.8470162,fuel,Petrolimex
704671645,20.9646716,105.8707379,fuel,
705253265,21.0362255,105.7857528,fuel,Petrolimex
705558493,21.066681,105.823273,parking,
706513396,20.9858687,105.8279577,fuel,
706816407,21.0503966,105.8838793,fuel,Petrolimex
707072662,20.9899901,105.5809712,fuel,
707072665,20.9882863,105.5691281,fuel,Petrolimex
707074846,20.9839548,105.8309354,parking,
707347012,21.0684025,105.8777164,fuel,Petrolimex
707456936,20.9440774,105.8384754,fuel,Petrolimex
707866382,20.9627773,105.795712,fuel,Petrolimex
707894759,21.0130629,105.8082857,fuel,GARAGE LÁNG HẠ
707936511,20.8738925,105.8635946,fuel,Petrolimex
707957569,20.9582556,105.8061486,fuel,PVOIL Cầu Bươu
708519575,21.0049286,105.6774046,fuel,
708562432,21.0135322,105.7949921,fuel,
708562665,20.9685623,105.7856828,fuel,Trạm xăng dầu HV Quân Y
708591962,21.0043555,105.6876764,fuel,
708604142,20.977117,105.783542,fuel,PV Oil
708622824,21.0438075,105.7376051,fuel,Mipec
708658607,20.984168,105.8383018,fuel,Cửa hàng xăng dầu 55 - Petrolimex
708949750,20.9814448,105.7898725,fuel,PV Oil
708977863,21.011,105.7328903,fuel,Cửa hàng xăng dầu Trung Thượng
708989204,21.0270227,105.7416633,fuel,Petrolimex
709258848,20.9718919,105.8199376,fuel,Cây xăng Hà Thành
709271919,21.0136658,105.8155628,fuel,PV Oil Thái Thịnh
709676493,20.9955706,105.7436622,fuel,Petrolimex
709676495,20.9945826,105.7408784,fuel,Petrolimex
709709087,21.0417452,105.7729394,fuel,Cửa hàng xăng dầu Mai Dịch 1
709750269,21.044573,105.754813,fuel,Pvoil
710103553,20.9934935,105.7610278,fuel,MB Petro - Cửa hàng xăng dầu số 68
710285914,20.9833313,105.7696606,fuel,Petrolimex
710342870,20.9957445,105.7888422,fuel,Petrolimex
710355837,21.004814,105.81716,fuel,Petrolimex
711028665,21.0093097,105.8545637,fuel,Total
711062845,20.9936132,105.7889587,fuel,PV Oil
711123909,20.9945392,105.8628068,fuel,Petrolimex
711140637,21.0191048,105.8581596,fuel,Petrolimex
711372338,21.0128832,105.8631973,fuel,Petrolimex
711519580,21.0192617,105.8323801,fuel,Total
711526323,21.0077181,105.8127173,fuel,
711864253,20.9997998,105.7646664,fuel,
726825190,21.0006006,105.7912865,parking,
737314085,21.0470919,105.7972266,parking,
755254055,20.8996245,105.7972258,police,Trụ sở Cơ quan Cảnh sát Điều tra Bộ Công an
763356795,20.8341055,105.6199069,parking,
768420575,20.6132011,105.7876507,bus_station,Bến xe Hương Sơn
770225632,21.3628266,105.3161994,parking,
775977067,21.2144627,105.3664911,parking,
792405387,21.0927695,105.781459,parking,
838093503,21.0148226,105.8623777,parking,
838258694,21.0220479,105.844219,parking,
838404510,21.021823,105.8515596,police,Công an Thành phố Hà Nội
839871354,21.0069538,105.793753,parking,
839899605,21.013803,105.8313528,parking,
840041414,21.026604,105.8989662,parking,
840041418,21.0273582,105.9007287,parking,
840934120,21.0083446,105.7427765,parking,Parking Zone 1
846064163,20.9208615,105.7022544,parking,
848753707,21.0043941,105.5570932,fuel,Cửa hàng xăng dầu Hạ Bằng
850152427,21.0034621,105.7829868,parking,
853859548,20.9290667,105.9456586,parking,
858242834,21.0088273,105.8320728,police,Công an phường Kim Liên (Cơ sở 2)
860294718,21.0196295,105.831008,police,"Phòng Cảnh sát điều tra tội phạm về tham nhũng, kinh tế, buôn lậu, môi trường"
860294722,21.022281,105.836614,police,Công an phường Văn Miếu - Quốc Tử Giám
860295271,21.0064662,105.8359055,police,Công an phường Kim Liên (Trụ sở chính)
861296600,21.0204765,105.8562403,police,Phòng An ninh kinh tế
862423886,21.0047476,105.8466238,parking,
862423888,21.0059569,105.8442314,parking,Nhà xe C5
863312533,21.0791334,105.8156396,police,Công an thành phố Hà Nội - Cơ sở Tây Hồ
863712767,21.0137421,105.8525496,parking,Bãi đỗ xe trên cao Nguyễn Công Trứ
872186237,21.0026893,105.8648186,parking,
874998853,21.0343842,105.7673054,parking,
874998864,21.0365172,105.7682037,police,Công an quận Nam Từ Liêm
885838918,20.965013,105.8431759,bus_station,Bến xe Nước Ngầm
886608517,21.0399922,105.7530405,police,Tiểu đoàn Cảnh sát Cơ động
890901068,20.999763,105.8087333,police,Phòng An ninh điều tra
891419024,20.9764203,105.8226504,police,Công an phường Định Công (Trụ sở chính)
895806285,21.031619,105.7879972,police,Công an phường Cầu Giấy (Cơ sở 2)
897569125,21.078569,105.7774734,police,Công an phường Đông Ngạc (Cơ sở 3)
898008003,21.0674834,105.7782816,parking,Bãi Đỗ Xe
898540591,21.0158444,105.8588766,parking,
899476438,21.0278808,105.898348,parking,
899476439,21.0274486,105.8993632,parking,
899476440,21.0269251,105.9002584,parking,
902641916,21.1030282,105.9624046,parking,
904135123,21.0106338,105.8361168,police,Phòng Quản lý Xuất nhập cảnh
905363922,20.9624713,105.8267745,parking,
907192871,21.0407636,105.9240197,fuel,Petrolimex – Cửa hàng số 84
911712333,20.9947145,105.9596513,parking,
914040101,21.0240885,105.9403943,police,"Công an thành phố Hà Nội, cơ sở Gia Lâm"
914040105,21.029786,105.9208326,parking,
914126537,21.0305355,105.9412143,parking,
914126563,21.0278378,105.9230317,police,Công an phường Phúc Lợi
914297432,21.0326395,105.9179148,parking,
916528077,20.971861,105.8242858,parking,
916600430,21.0329903,105.9199401,parking,Bãi gửi xe Phúc Lợi
916600431,21.0324904,105.9219141,parking,
916688799,21.0284,105.924525,parking,
916688840,21.02949,105.9257366,parking,
916688841,21.0300341,105.926024,parking,
921987268,21.1226895,105.4925348,police,Công an thành phố Hà Nội - cơ sở Sơn Tây
922520644,21.0284511,105.9405464,police,
922520647,21.02886,105.9407742,parking,
922520652,21.0290255,105.9402774,parking,
923758581,21.0353181,105.9173139,parking,
932344585,21.0749264,105.7730831,parking,
933680052,21.0740968,105.7763827,police,
938437549,20.9623435,105.7994895,parking,
938437550,20.9647193,105.8001744,parking,
939185289,21.0650515,105.8021392,parking,
942477945,20.967388,105.769493,police,Công an quận Hà Đông
943519151,21.0483155,105.5828944,police,Công an xã Thạch Thất
944513303,20.9993694,105.8608852,police,Công an phường Quỳnh Mai
947089962,21.1404766,105.5070106,fire_station,Đội Chữa cháy và Cứu nạn cứu hộ khu vực số 26
947208601,20.9981053,105.8255979,police,Công an phường Phương Liệt
951204781,21.114966,105.4951557,fuel,Petrolimex
952530685,20.96457,105.8281981,parking,
953227382,21.1303818,105.5089895,bus_station,Bến xe Sơn Tây
953738013,21.0428082,105.7909745,fire_station,Đội Chữa cháy và Cứu nạn cứu hộ khu vực số 11
954362677,20.9703265,105.8658205,parking,
955951926,21.0840729,105.671772,police,Công an huyện Đan Phượng
956996491,21.0088482,105.8154793,police,Công an phường Đống Đa (Cơ sở 3)
956996501,21.0273683,105.7997788,police,Công an phường Láng (Cơ sở 2)
956996504,20.9671187,105.7750676,police,Công an phường Hà Đông (Cơ sở 2)
956996507,20.9662429,105.7749898,police,Công an phường Hà Đông (Trụ sở chính)
956996509,21.0376436,105.8101358,police,Công an phường Ngọc Hà (Cơ sở 3)
956996512,20.9684552,105.7800391,police,Công an phường Nguyễn Trãi
956996516,21.0289566,105.8129182,police,Công an phường Giảng Võ (Cơ sở 2)
956996528,21.0034566,105.8214505,police,Công an phường Kim Liên (Cơ sở 4)
956996529,21.0022453,105.8256157,police,Công an phường Kim Liên (Cơ sở 5)
957814762,21.0639988,105.8332434,police,Công an phường Hồng Hà (Trụ sở chính)
958652609,21.0087255,105.8311074,parking,
958803273,21.0191647,105.6967389,parking,
962258147,20.6808993,105.7483792,parking,
962258161,20.6807859,105.747749,parking,
964908476,21.0884916,105.8091452,police,Công an phường Phú Thượng
964908478,21.0642256,105.8067781,police,Công an phường Tây Hồ
964908481,21.077682,105.8194205,police,Công an phường Tây Hồ
964908486,21.0640384,105.8060817,police,Công an phường Tây Hồ
965530855,21.0630971,105.901191,police,Công an thành phố Hà Nội - Cơ sở Long Biên
965856879,21.0165602,105.8010751,parking,
965945332,21.0138027,105.7960184,parking,
966177535,20.9293079,105.7180844,police,Công an phường Biên Giang
966381885,21.0114358,105.7997774,police,Bộ Công An Trung Hoà
972951562,21.0722124,105.808003,parking,
973038834,20.9891146,105.7519348,parking,
973038848,20.9910494,105.7520583,parking,
973471779,20.9674214,105.8456145,police,Phòng Cảnh sát điều tra tội phạm về ma túy
973471801,20.9677501,105.8454919,police,Công an phường Hoàng Liệt (Cơ sở 2)
974063111,21.0744229,105.8007741,parking,
974063112,21.0742328,105.801498,parking,
974596750,20.9905825,105.8126369,police,Công an phường Khương Đình (Trụ sở chính)
974596753,20.9905275,105.8129409,police,Công an phường Khương Đình (Cơ sở 2)
975967860,21.0895459,105.733633,police,Công an phường Thượng Cát
975967885,21.0898202,105.7771556,police,Công an phường Đông Ngạc (Trụ sở chính)
975967898,21.0309758,105.747822,fire_station,Đội Chữa cháy và Cứu nạn cứu hộ khu vực số 16
976255169,21.0061441,105.7438864,police,Công an phường Tây Mỗ
976261289,21.2147752,105.7920615,parking,
976633068,20.9853339,105.7840464,police,Công an phường Mỗ Lao
977375274,21.0258619,105.8130748,parking,
977375275,21.0251289,105.8124746,parking,
977375276,21.019467,105.8232115,parking,
1000828748,21.0425309,105.8489958,fire_station,Đội Chữa cháy và Cứu nạn cứu hộ khu vực số 8
1000828750,21.0284052,105.8261908,fire_station,Đội Chữa cháy và Cứu nạn cứu hộ khu vực số 10
1000828751,21.0565233,105.8886949,fire_station,Đội Chữa cháy và Cứu nạn cứu hộ khu vực số 1 & 18
1000828756,21.0106437,105.9566009,fire_station,Đội Chữa cháy và Cứu nạn cứu hộ khu vực số 19
1000828760,21.1494908,105.8586593,fire_station,Đội Chữa cháy và Cứu nạn cứu hộ khu vực số 20
1000954420,20.9116911,105.8538902,fire_station,Đội Cảnh sát PCCC & CNCH huyện Thanh Trì
1000954428,20.9877912,105.8071796,fire_station,Đội Chữa cháy và Cứu nạn cứu hộ khu vực số 13
1000954431,20.933493,105.672195,fire_station,Đội Chữa cháy và Cứu nạn cứu hộ khu vực số 28
1001277518,21.3141454,105.4100363,parking,
1003540408,21.0542097,105.780862,parking,Bãi đỗ xe MM Mega Market Thăng Long
1003540409,21.0547887,105.7808883,parking,
1008377649,21.0163432,105.7906358,parking,
1015739243,20.9608968,105.9963802,fuel,Petrolimex
1015739254,20.9610072,105.997074,fuel,
1015739255,20.8237262,105.9829333,fuel,Petrolimex
1015739267,20.9801839,105.9857092,fuel,Petrolimex
1015739277,20.8514607,106.0030282,fuel,Petrolimex
1015753650,21.0719453,105.7858509,fuel,Petrolimex
1015753651,21.0277604,105.7772983,fuel,Petrolimex
1015753653,20.9698913,105.8259698,fuel,Petrolimex
1015753655,20.9849704,105.8413108,fuel,Petrolimex
1015763199,20.9590468,105.8429533,fuel,PV Oil
1015763200,21.0943503,105.8926967,fuel,PV Oil
1015763205,21.1982268,105.836054,fuel,PV Oil
1015763209,21.0073573,105.9580546,fuel,PV Oil
1015879330,21.1383086,105.5105132,fuel,Petrolimex
1015879332,21.0873499,105.6041815,fuel,Petrolimex
1015879336,20.9402517,105.7351983,fuel,Petrolimex
1015879337,21.0764481,105.6467626,fuel,Petrolimex
1015879339,21.0580899,105.5756061,fuel,Petrolimex
1015879342,21.0579071,105.7281517,fuel,Petrolimex
1015879344,21.1058531,105.540155,fuel,Petrolimex
1015879345,21.131276,105.5127715,fuel,Petrolimex
1015879347,20.8994361,105.5800866,fuel,Petrolimex
1015879348,20.9281301,105.6869895,fuel,Petrolimex
1015879349,20.9248694,105.7069491,fuel,Petrolimex
1023288027,21.2579038,105.8497682,police,Công an xã Sóc Sơn
1023288040,21.2567883,105.8474995,police,Công an huyện Sóc Sơn
1023474787,20.988779,105.8006361,police,Công an phường Thanh Liệt
1023474788,20.9885593,105.8003682,police,Công an phường Thanh Liệt
1024105269,21.2943598,105.6144058,parking,
1030860266,21.0202112,105.7712232,police,Công an phường Mỹ Đình 1
1030860274,21.0377961,105.7596415,parking,
1030872133,20.9373615,105.8497836,police,Công an huyện Thanh Trì
1030872135,20.9447311,105.8449299,police,Công an xã Thanh Trì
1030872136,21.1024383,105.5505924,police,Công an huyện Phúc Thọ
1030872138,21.0135958,105.8480449,police,Phòng Cảnh sát Quản lý hành chính về trật tự xã hội
1030872139,21.1404647,105.8461794,police,Công an xã Đông Anh
1030872142,20.925718,105.7080657,police,Công an phường Chương Mỹ (Trụ sở chính)
1030873344,20.9560435,105.8105374,police,Công an xã Đại Thanh
1040511320,20.9988698,105.8520064,police,Công an phường Bạch Mai
1040721470,21.0120071,105.8370718,police,Công an phường Văn Miếu - Quốc Tử Giám
1040724494,21.0178578,105.851815,police,Công an phường Hai Bà Trưng (Cơ sở 6)
1040732530,21.0442907,105.8428956,police,Công an phường Ba Đình
1040776479,21.0205512,105.8266751,police,Công an phường Ô Chợ Dừa
1040806940,21.0317784,105.8233369,police,Công an phường Ngọc Hà (Cơ sở 4)
1041112516,20.9628722,105.8436392,police,Đội Cảnh sát Giao thông số 14
1042538555,20.982615,105.8420765,police,Công an phường Hoàng Mai (Cơ sở 3)
1046122139,21.0292374,105.8500198,police,Công an phường Hoàn Kiếm (Cơ sở 4)
1046719160,20.9769167,105.8227901,parking,
1047618367,21.0748642,105.8159375,parking,
1052684742,21.0398246,105.7902523,fuel,Trạm xăng dầu số 8
1052686267,21.0400922,105.786224,fuel,Trạm xăng dầu số 38
1054693221,21.016418,105.8650151,police,Đội Cảnh sát Giao thông số 4
1062770976,21.197811,105.426303,police,Công an xã Quảng Oai
1068888908,21.0090144,105.7391645,parking,
1071065168,21.019359,105.9431237,police,Doanh trại Cảnh sát cơ động thành phố Hà Nội
1071065169,21.0193399,105.9432881,police,Đại đội 3 Tiểu đoàn Cảnh sát cơ động số 2
1071065170,21.0194638,105.9429769,police,Công an xã Gia Lâm
1082884758,20.989864,105.9440143,parking,
1082884774,20.9893255,105.9487322,parking,
1086134786,20.9975411,105.7380002,parking,Parking Zone 3
1086185741,21.0197265,105.8489093,police,Công an phường Cửa Nam (Cơ sở 5)
1087368321,20.9671247,105.791265,parking,
1087641056,20.9982641,105.841835,fuel,Trạm xăng dầu số 1
1089388685,21.086394,105.3759979,parking,
1092144096,21.0501162,105.8927558,parking,
1092144100,21.050044,105.8941459,parking,
1097438440,21.035898,105.7293291,police,Công an xã Sơn Đồng
1104046465,20.9874983,105.7987672,police,Cục Cảnh sát Hình sự
1104046467,20.9872242,105.7980202,police,Cục Cảnh sát Điều tra tội phạm về ma túy
1108074619,20.9833017,105.8148736,police,Công an phường Khương Đình (Cơ sở 3)
1112511690,20.9771435,105.8162496,parking,
1116162378,21.0151455,105.7885254,parking,
1116412194,21.0144213,105.7890729,parking,
1116412195,21.014767,105.789579,parking,
1118121718,21.0208548,105.9393111,police,Đội Cảnh sát giao thông số 5
1118221808,21.044311,105.7772727,parking,
1118312966,21.0432062,105.79295,police,Công an phường Nghĩa Đô (Cơ sở 2)
1118795754,21.0255301,105.842212,police,Công an phường Cửa Nam (Trụ sở chính)
1119185577,21.0281574,105.769738,parking,
1119542809,21.0422153,105.782764,parking,
1121013619,21.0395134,105.7817207,parking,A9
1123050058,21.0455102,105.7972591,parking,
1123104306,21.0458425,105.7870859,parking,
1123104738,21.0458414,105.7877377,parking,
1124817463,21.0071993,105.9393123,police,Công an xã Gia Lâm
1125660162,21.0483324,105.9089033,parking,
1127713395,21.0191992,105.8479849,police,Công an phường Nguyễn Du
1131599554,21.0551041,105.8400658,parking,
1145184186,20.9911848,105.9563956,parking,Nhà để xe Hải Âu
1147074502,21.0397242,105.8524863,parking,
1147661079,20.9446083,105.8268939,parking,
1147661081,20.9464125,105.826637,parking,
1147661083,20.9463463,105.8274924,parking,
1147661084,20.9460103,105.8281426,parking,
1147793283,20.9460861,105.8276711,parking,
1149372969,20.991926,105.9411642,parking,
1150323240,21.0608253,105.363501,parking,
1150669710,21.311409,105.7652028,parking,
1150669711,21.3344185,105.7837168,parking,
1150669712,21.3341373,105.7805661,parking,
1150669715,21.3035292,105.803814,parking,
1151001165,20.9988209,105.9697997,parking,
1151001166,20.9982229,105.9707638,parking,
1152211360,21.0318968,105.8093085,parking,
1152958142,21.0383446,105.8952002,parking,
1155226153,21.3043066,105.8041556,parking,
1155357397,20.9468806,105.8041989,police,Công an xã Đại Thanh
1157172122,20.947845,105.8493433,police,Công an xã Tứ Hiệp
1158567510,21.0172447,105.7906895,parking,
1159101821,21.0129064,105.5396736,parking,
1160124569,21.1131167,106.0035395,parking,
1162059702,20.8689972,105.8595787,fire_station,Đội Chữa cháy và Cứu nạn cứu hộ khu vực số 32
1162970034,21.0410884,105.8283087,parking,
1162970054,21.0417406,105.8282993,parking,
1163512714,21.0441619,105.8191965,parking,
1165880057,21.2905611,105.8325502,parking,
1166030708,21.0439894,105.8159455,parking,
1166034416,21.044592,105.8162408,parking,
1166034421,21.0445564,105.8160438,parking,
1168580667,20.9878843,105.8316722,police,Công an phường Phương Liệt
1168582133,20.9820611,105.8307123,police,Công an phường Định Công (Cơ sở 2)
1169602519,21.0562846,105.8085685,parking,
1170486714,20.5734185,105.9502499,fuel,Trạm xăng dầu Duy Tiên
1173732862,21.0635293,105.9138922,parking,
1173732863,21.064073,105.9137447,parking,
1173954307,21.320453,105.8089394,parking,
1174496434,21.3165217,105.8085641,parking,
1174496435,21.3201714,105.8110998,parking,
1176521098,21.0150171,105.9424746,parking,
1176521099,21.0133604,105.9413072,parking,
1176521102,21.0147745,105.9416991,parking,
1180205877,21.0132472,105.9358561,fuel,Petrolimex – Cửa hàng 100
1183409646,21.136605,105.5055028,police,Công an phường Quang Trung
1183713529,20.9620395,105.747565,parking,
1184832605,21.2143565,105.4035447,parking,
1185727115,21.1431905,105.8506804,parking,
1187339505,21.0475478,105.9263357,police,Công an phường Phúc Lợi
1187339518,21.0710845,105.9002657,police,Công an phường Thượng Thanh
1187339532,21.0720318,105.8986617,police,Cục Cảnh sát Giao thông
1188004492,21.0232606,105.8888087,police,Công an phường Long Biên (Trụ sở chính)
1188779460,20.835135,105.8525311,parking,
1189078918,21.0632634,105.9023784,parking,
1192868590,21.0003852,105.8407981,parking,
1192885703,21.0010639,105.8390152,parking,
1192970872,21.3028962,105.4165014,parking,
1195261668,21.2149057,105.4048681,fuel,Trạm xăng dầu Tân Phú Mỹ
1195546195,21.0107939,105.8036008,parking,
1196034789,21.1161012,105.3271881,parking,
1196069321,20.9992672,105.7372778,parking,Parking Zone 4
1196399783,21.0054141,105.842333,parking,
1196405908,20.6858312,105.7380429,fuel,Petrolimex
1196405913,20.9380997,105.5608108,fuel,Petrolimex
1196405921,21.1025159,105.8688006,fuel,Petrolimex
1196405928,20.997274,105.919596,fuel,Petrolimex
1196680557,21.1691596,105.8778652,fuel,Petrolimex
1196680561,21.2340077,105.8061026,fuel,Petrolimex
1196688069,21.0282546,105.7939123,parking,
1197871300,21.0632983,105.7893237,parking,
1198061248,21.0101477,105.771017,police,Công an phường Từ Liêm
1200034625,21.198019,105.8194018,fuel,Total
1201121660,21.0114515,105.9046183,police,Công an phường Long Biên
1201121672,21.0099628,105.9053589,police,Công an phường Long Biên (Cơ sở 4)
1205117604,21.0303984,105.9595973,police,Công an xã Thuận An
1205399772,21.0144783,105.907876,parking,T8 Car Park
1205935192,21.0701446,105.7128265,parking,
1206013581,21.0457247,105.8012287,parking,Bãi đỗ xe Học viện Quốc phòng
1206024234,21.0430921,105.8024524,parking,
1206318248,21.0429644,105.7982953,parking,
1206386955,21.0072269,105.8421287,parking,
1206423524,21.0440066,105.7984313,parking,
1206588704,21.0519378,105.9006704,parking,
1206671105,21.0051765,105.844126,parking,
1206943171,21.007151,105.8435396,parking,
1206943172,21.0071544,105.8427918,parking,
1206943173,21.0073199,105.8431215,parking,
1207347225,21.0073675,105.8407348,parking,
1207808075,21.2284733,105.7248643,parking,
1208479896,21.0284275,105.8585774,parking,
1208800255,21.0118395,105.8316193,parking,
1208800257,21.0091504,105.8383573,parking,
1208800260,21.0077095,105.8296441,parking,
1208800266,21.0070544,105.7515541,parking,Bãi đỗ xe GSM
1208800267,21.0033408,105.7562869,parking,
1208800269,21.0074262,105.7375485,parking,
1208800270,21.0071557,105.7383373,parking,
1208800271,21.007199,105.7382565,parking,
1208800272,21.0074106,105.7376407,parking,
1208800273,21.0063123,105.7392902,parking,
1208800274,21.0080616,105.7399748,parking,
1208800275,21.0027136,105.7378896,parking,
1208800277,21.0013767,105.7373738,parking,
1208800278,20.9999688,105.7368224,parking,
1208800284,21.0026307,105.7405963,parking,
1208987606,20.9791202,105.8689557,parking,
1209135812,20.9940002,105.960792,parking,Bãi đỗ xe GSM
1209957288,21.0269069,105.7829263,parking,
1210086043,21.0499309,105.7846254,fuel,Cửa hàng Mipec số 6
1210113659,21.1143142,105.7670753,parking,
1210113666,21.1156653,105.7659092,parking,
1210480417,21.0141348,105.8483595,parking,
1210514827,21.0502063,105.7874086,parking,
1210768389,21.0223375,105.8528407,parking,
1210922081,20.9945766,105.941626,parking,
1210997736,21.0246184,105.8413197,parking,
1210997737,21.0238795,105.8413049,parking,
1211556649,21.00552,105.8454993,parking,
1212166128,20.7396813,105.7695284,police,Công an huyện Ứng Hoà
1212917313,21.0396939,105.8506805,police,Đội Cảnh sát Giao thông số 1
1212972791,21.0528184,105.7886125,fuel,Cửa Hàng Xăng Dầu 117 Trần Cung
1213059861,21.0380251,105.7950132,police,Công an phường Cầu Giấy (Trụ sở chính)
1213199883,21.0458685,105.7914824,fuel,Nix Petro
1213238764,21.0345266,105.7999099,police,Công an phường Quan Hoa
1213872779,21.0498718,105.7946559,parking,
1213878325,21.048971,105.8063596,parking,
1213878330,21.0514034,105.8048949,parking,
1213878338,21.0502019,105.8066475,police,Công an phường Nghĩa Đô
1213883584,21.0512677,105.8071035,parking,
1213888478,21.0363356,105.7909504,parking,
1214101843,21.0058611,105.7495688,parking,
1214703153,21.0670563,105.8918657,parking,
1215063368,21.0161676,105.8026965,police,Bộ Tư lệnh Cảnh sát Cơ động
1215063371,21.0156373,105.8032807,police,Kho vật chứng Công an quận Cầu Giấy
1215489697,21.0250702,105.8879118,parking,
1215514459,21.0358981,105.839539,parking,
1216036350,21.0330847,105.8383553,police,Công an phường Ba Đình (Trụ sở chính)
1216451384,21.0057349,105.8221512,parking,
1216451386,21.0057165,105.8231407,parking,
1216872012,21.0329756,105.9380981,police,"Trụ sở thôn Vàng, Công an xã Cổ Bi"
1216970042,21.0113138,105.9033672,parking,
1216970043,21.0118075,105.9003823,parking,
1216970044,21.012536,105.8992785,parking,
1217050323,21.0187948,105.9434044,parking,
1217390574,21.0292711,105.8302331,parking,
1217779453,21.0298184,105.8281729,parking,
1217779455,21.0297944,105.8291373,parking,
1217807982,20.9946145,105.8835806,police,Công an phường Vĩnh Hưng
1217817536,21.0259897,105.8412155,police,Cục Cảnh sát giao thông
1217933396,21.039864,105.8772576,parking,
1217933402,21.0393296,105.8777963,parking,
1217933406,21.0401128,105.8774801,parking,
1218063066,20.9591215,105.9310055,parking,
1218067466,20.9560497,105.9264081,parking,
1218182559,21.3050048,105.8044977,parking,
1218184042,20.9978453,105.7847627,parking,
1218184052,20.9971817,105.7855729,parking,
1218673055,21.0484537,105.8380552,parking,
1218947560,21.0320313,105.8293778,bus_station,Bến xe Kim Mã
1219524618,21.0353665,105.8255545,parking,
1219524620,21.0602515,105.8802796,parking,
1219524621,21.0607537,105.8805074,parking,
1221715768,21.0047688,105.9397216,parking,
1222650343,21.1252004,105.9731805,fuel,Petrolimex – Cửa hàng số 10
1223678105,21.0020502,105.9440747,parking,Ruby Parking Garage
1225837275,20.9846875,105.9484348,parking,
1225837280,20.9875454,105.9424743,parking,
1226940206,21.0123209,105.8996362,parking,
1228994353,21.008171,105.7970911,parking,
1228994354,21.0086761,105.797808,parking,
1229576421,20.957528,105.93246,parking,
1229581958,20.9570517,105.9376533,fire_station,Đội Chữa cháy và Cứu nạn cứu hộ khu vực Văn Giang
1229858807,21.0029525,105.8312484,parking,
1229913013,20.9500585,105.9403751,parking,
1230360615,21.063182,105.8012377,police,Công an phường Xuân Đỉnh
1230887051,21.0302201,105.8402027,parking,
1231308577,21.017308,105.8594899,parking,
1231386921,21.0150668,105.7997702,police,Phòng Cảnh sát Thi hành án hình sự và Hỗ trợ tư pháp
1233230014,21.0340108,105.9102296,fuel,Petrolimex Sài Đồng
1233247866,21.027304,105.8558241,parking,
1233474624,21.0405396,105.7759831,parking,
1235163096,20.996584,105.8598799,police,Tiểu đoàn 1/E22 Bộ Tư lệnh Cảnh sát cơ động
1235376560,20.9953729,105.548309,police,Đồn Công an Khu công nghệ cao Hoà Lạc
1236610060,20.959162,105.9744366,parking,
1237724717,21.209905,105.8067327,police,Công an cửa khẩu Cảng hàng không quốc tế Nội Bài
1238615594,20.9610647,105.821652,parking,
1239627901,21.0583739,105.8679446,police,Công an phường Bồ Đề (Cơ sở 4)
1239627902,21.0584737,105.8679094,police,Công an phường Bồ Đề
1239627912,21.0582077,105.8651874,parking,
1239627913,21.0571641,105.8663477,parking,Bãi đỗ xe Khai Sơn
1242851147,21.0443418,105.7840457,police,Cảnh sát bảo vệ Hàng đặc biệt
1243461494,21.042236,105.7867926,parking,
1243637638,21.045237,105.7870518,parking,
1243639750,21.0443375,105.790164,parking,
1243639758,21.0439326,105.7900445,parking,
1243639763,21.0441649,105.7883839,parking,
1243648181,21.0455223,105.7900936,parking,
1243651979,21.0445801,105.7868936,parking,
1243651996,21.0436864,105.790189,parking,
1243950301,20.9166454,105.8722992,police,Công an xã Đông Mỹ
1243950303,20.9599144,105.8415258,police,Công an phường Hoàng Liệt (Trụ sở chính)
1243950305,20.9966923,105.8424005,police,Công an phường Tương Mai
1244647231,21.041272,105.904611,parking,
1244936376,21.042257,105.7881224,parking,
1244936377,21.0430177,105.789294,parking,Bãi đậu xe Dịch Vọng
1245137449,21.0436252,105.7819309,parking,
1245435787,21.045861,105.7829349,parking,
1245995568,21.0126032,105.8282086,police,Công an phường Kim Liên (Cơ sở 3)
1246015335,21.0194073,105.834324,police,Công an phường Văn Miếu - Quốc Tử Giám
1246015336,21.0276515,105.8339416,police,Hội Cựu Công an nhân dân phường Văn Miếu - Quốc Tử Giám
1246034071,21.0523695,105.8968663,parking,
1246072763,21.0452862,105.7837648,parking,
1246072764,21.0454559,105.7833696,parking,
1246762482,21.0125871,105.8200655,police,Công an phường Đống Đa (Cơ sở 2)
1246769489,21.024354,105.8324196,police,Công an phường Hàng Bột
1246769491,21.0222208,105.8156265,police,Công an phường Giảng Võ (Trụ sở chính)
1247629339,21.037315,105.7816728,parking,Bãi đổ xe ĐH Quốc Gia HN
1248810755,21.0383742,105.784116,parking,
1248964761,21.0395842,105.7856221,parking,
1249503159,21.0368435,105.7847572,parking,
1249561352,21.0377022,105.7826449,parking,
1249561362,21.037539,105.784833,parking,
1249561366,21.037013,105.7840943,parking,
1249840990,21.0391629,105.8995041,police,Đội Cảnh sát Giao thông số 5
1249840991,21.0284401,105.8009118,police,Đội Cảnh sát Giao thông số 3
1249840993,20.9851612,105.794766,police,Đội Cảnh sát Giao thông số 7
1249840994,21.0614939,105.8088168,police,Đội Cảnh sát Giao thông số 2
1249931329,21.0832748,105.6735757,police,Đội Cảnh sát Giao thông số 9
1249931330,20.9572608,105.7590101,police,Đội Cảnh sát Giao thông số 10
1249931333,20.982171,105.5283678,police,Đội Cảnh sát Giao thông số 11
1249932103,21.0474981,105.8084605,police,Công an phường Bưởi
1249932104,21.0410637,105.8154914,police,Công an phường Ngọc Hà (Cơ sở 2)
1249932105,21.0410212,105.8157229,police,Công an phường Ngọc Hà (Trụ sở chính)
1249932107,21.0370453,105.8279735,police,Công an phường Ngọc Hà (Cơ sở 5)
1249932109,21.0408061,105.8281901,police,Công an phường Thuỵ Khuê
1250177226,21.0355857,105.8311526,police,Công an phường Ba Đình
1250177227,21.0422502,105.8422645,police,Công an phường Ba Đình
1250177228,21.0325073,105.8328468,police,Công an phường Ba Đình
1250177229,21.0456143,105.8500214,police,Công an phường Hồng Hà (Cơ sở 3)
1250177231,21.029514,105.8598564,police,Công an phường Hồng Hà (Cơ sở 5)
1250177232,21.0288836,105.8566691,police,Công an phường Lý Thái Tổ
1250177236,21.02939,105.8458491,police,Công an phường Hàng Bông
1250177238,21.0363624,105.8494015,police,Công an phường Hàng Đào
1250198550,21.0433578,105.8971445,police,Công an phường Phúc Lợi
1250249188,21.040247,105.8396514,parking,
1250665184,21.0482622,105.7865958,parking,
1250665185,21.0484897,105.7864914,parking,
1251537949,21.0630507,105.9166253,police,
1251537950,21.0627459,105.9160567,parking,
1251633896,21.0409168,105.7980176,parking,
1251924188,21.041658,105.7974747,parking,
1253526772,20.9730055,105.762516,parking,
1253894461,21.0181867,105.9334235,parking,
1254895527,21.0254776,105.8597855,fire_station,Đội Chữa cháy và Cứu nạn cứu hộ khu vực số 7
1254895528,21.0087949,105.8665873,fire_station,Đội Chữa cháy và Cứu nạn cứu hộ khu vực số 9
1254903214,20.681413,105.74418,fire_station,Đội Chữa cháy và Cứu nạn cứu hộ khu vực số 35
1254903218,20.7613385,105.7674977,fire_station,Đội Chữa cháy và Cứu nạn cứu hộ khu vực số 36
1254903222,21.1175299,105.4901154,fire_station,Đội Chữa cháy và Cứu nạn cứu hộ khu vực 6
1254903224,21.1211093,105.7737081,fire_station,Đội Chữa cháy và Cứu nạn cứu hộ khu vực 3
1255682954,21.0104817,105.7444082,parking,
1255682964,21.0108713,105.7440618,parking,
1256022803,21.039781,105.8475079,police,Công an phường Hoàn Kiếm (Cơ sở 6)
1256391889,21.0527723,105.7924678,parking,
1256391892,21.0527959,105.790464,parking,
1256391923,21.0546735,105.7991299,parking,
1256391924,21.0547475,105.7996433,parking,
1256712631,21.0486569,105.7807996,parking,
1256790912,21.1200766,105.9996912,police,Đồn Công an Khu công nghiệp Tiên Sơn
1256790922,21.1238395,105.9731507,police,Công an phường Đồng Nguyên
1263969669,21.3135245,105.8674376,police,Công an xã Trung Giã
1265527322,21.127144,105.7745537,police,Công an xã Kim Chung
1265704601,21.0573605,105.9071296,police,Công an phường Việt Hưng
1266794602,21.2710659,105.8544033,police,Công an xã Sóc Sơn
1267683418,21.0137401,105.8469648,police,Công an phường Hai Bà Trưng (Cơ sở 2)
1267683420,21.0116185,105.8566519,police,Công an phường Hai Bà Trưng (Cơ sở 3)
1267837944,21.0110707,105.8599491,police,Công an phường Đống Mác
1267837946,21.0207712,105.8523361,police,Công an phường Cửa Nam (Cơ sở 4)
1267837947,21.0257137,105.8416744,police,Công an phường Cửa Nam (Cơ sở 2)
1267837948,21.0224559,105.8567114,police,Công an phường Cửa Nam (Cơ sở 6)
1267845402,21.0105455,105.8630779,police,Công an phường Bạch Đằng
1267845405,21.0009044,105.8485537,police,Công an phường Bạch Mai (Cơ sở 3)
1267845406,21.0062239,105.8513795,police,Công an phường Bạch Mai (Cơ sở 4)
1267845407,21.0033456,105.8530717,police,Công an phường Bạch Mai (Cơ sở 5)
1267846719,21.0861254,105.9177353,police,"Đội Tuần tra, kiểm soát giao thông đường bộ cao tốc số 2"
1267846720,21.2216422,105.7638516,police,"Đội Tuần tra, kiểm soát giao thông đường bộ cao tốc số 1"
1269034819,21.1542208,105.5072413,police,Đội Cảnh sát đường thuỷ số 1
1269068038,21.2264462,105.762349,police,Công an xã Nội Bài
1269068041,21.2004824,105.8491064,police,Đội Cảnh sát giao thông số 15
1269068043,21.2002991,105.8485545,police,Công an xã Sóc Sơn
1269075371,21.1599182,105.780414,police,Công an xã Nam Hồng
1269075373,21.1005404,105.8834132,police,Công an xã Mai Lâm
1269299605,21.0907153,105.7773429,police,Công an phường Đông Ngạc (Cơ sở 2)
1269315171,21.0870803,105.7774701,police,Công an phường Đông Ngạc (Cơ sở 4)
1269371912,20.9949458,105.8427729,police,Công an phường Tương Mai
1269371913,20.9946306,105.8494869,police,Công an phường Tương Mai
1271439024,20.9906078,105.6394137,police,Công an huyện Quốc Oai
1271711422,20.9990583,105.8559156,police,Công an phường Quỳnh Lôi
1271711424,21.0003594,105.8712394,police,Công an phường Vĩnh Tuy
1271711425,20.9972342,105.8553669,police,Công an phường Bạch Mai (Cơ sở 2)
1271711436,21.002391,105.8217332,police,Công an phường Khương Đình
1271723050,20.9963134,105.8094985,police,Công an phường Thanh Xuân
1271723051,21.0021737,105.8104031,police,Công an phường Thanh Xuân
1271742676,20.8552242,105.7678899,police,Công an huyện Thanh Oai
1271742689,20.6832012,105.7386045,police,Công an huyện Mỹ Đức
1271956743,20.7439617,105.9133729,police,Công an xã Phú Xuyên
1271990242,21.1845552,105.7197035,police,"Công an thành phố Hà Nội, cơ sở Mê Linh"
1272219345,21.084468,105.917104,police,Công an thị trấn Yên Viên
1278002283,21.0020227,105.7190141,police,Công an xã An Khánh
1278639270,21.0848656,105.6697285,bus_station,Bến xe Đan Phượng
1282330320,21.2228878,105.5047092,parking,
1282330321,21.2241359,105.5050599,parking,
1282330322,21.2239445,105.5054459,parking,
1282330323,21.2235526,105.5058122,parking,
1284685273,21.0961723,105.9645864,parking,
1289671754,21.0383977,105.8349825,police,
1289832761,21.0401489,105.8326421,parking,
1289836957,21.0361003,105.831918,parking,
1290340073,20.8125411,105.3247351,parking,
1293828987,20.812869,105.346567,parking,
1296355111,21.0026149,105.9444783,parking,
1296355116,21.0022215,105.9435258,parking,
1296565153,20.9901246,105.9600462,parking,
1296565154,20.9913535,105.9604547,parking,Điểm đỗ xe buýt Ocean Park
1299469583,21.008408,105.7699333,parking,
1299469584,21.0092132,105.7710445,parking,
1299469614,21.0064777,105.7547549,parking,
1301924799,21.0324042,105.8353834,parking,
1301930834,21.033058,105.835158,parking,
1302111854,21.0382204,105.8445354,fuel,
1302800827,21.031461,105.8417916,parking,
1303107862,21.0413463,105.8218418,parking,
1303107863,21.0409239,105.8223089,parking,
1303107864,21.0404743,105.8225804,parking,
1303670744,21.0345339,105.8441772,parking,
1304981758,21.0391038,105.8289423,parking,
1305201873,21.0335792,105.8354719,parking,
1305626925,21.0357883,105.8272306,parking,
1305667333,21.0315298,105.8414417,parking,
1305860992,21.0358452,105.7743939,parking,
1307887926,21.0198452,105.9022929,parking,
1308421694,21.1466172,105.5057159,police,Công an phường Sơn Tây
1308852113,21.1539092,105.8930637,parking,
1310795488,21.1092294,105.4453342,police,Công an phường Tùng Thiện
1311486264,21.0455084,105.8690342,police,Công an phường Bồ Đề (Cơ sở 5)
1313648028,20.963572,105.9048203,police,Công an xã Kim Đức
1315272153,21.0295755,105.8040446,parking,
1315300398,21.0304693,105.9135192,police,
1315473368,21.0190395,105.906515,parking,
1318024645,20.9978285,105.8131552,police,Công an phường Khương Đình
1318933641,20.9874877,105.8311863,parking,
1321569485,21.0217065,105.5421722,parking,
1322830853,20.9662165,105.7561927,parking,
1327061634,21.0177854,105.78481,parking,Bãi đỗ xe điện
1327061636,21.0166005,105.7845083,parking,
1327886559,20.9775777,105.9582936,police,Công an xã Gia Lâm
1327886560,20.98305,105.9204871,police,Công an xã Bát Tràng
1328090704,21.1853271,105.7208642,police,Công an huyện Mê Linh
1328336038,21.0059885,105.7587272,parking,
1329802283,21.0942947,105.9689954,police,Công an phường Phù Chẩn
1329826232,21.0102464,105.7517268,parking,
1329845806,21.0064448,105.752559,parking,
1333686637,21.0246417,105.7842319,parking,
1333686638,21.0213186,105.7841205,parking,
1337332946,21.0519017,105.7346396,parking,
1337380570,21.0789688,105.967978,parking,
1337380571,21.0788581,105.967582,parking,
1337380572,21.0789206,105.967157,parking,
1337380578,21.0789089,105.966667,parking,
1337759917,21.1138396,105.9291437,police,Công an phường Phù Khê
1339158871,21.3653483,105.874273,fuel,TN Fuel Station
1339401912,20.9629981,105.932236,parking,
1341280516,20.6949295,105.3145642,fuel,Petrolimex
1341280517,20.6919538,105.3140904,fuel,Petrolimex
1341280519,20.6745265,105.3094217,fuel,Petrolimex
1341281135,20.7414364,105.3255554,fuel,Petrolimex
1341283082,20.7969135,105.356433,fuel,Petrolimex
1342578227,21.0399518,105.2924617,fuel,Petrolimex
1342578849,21.1463377,105.2914477,fuel,Petrolimex
1342955521,21.3328637,105.8686402,fuel,Petrolimex
1342966991,21.354866,105.8727468,fuel,Petrolimex
1343449412,21.3442419,105.8695703,fuel,Petrolimex
1343604557,20.8199123,105.3575087,fuel,Fuel Station
1343605726,20.9475842,105.3401588,fuel,Fuel Station
1344678680,20.920523,105.345473,fuel,Petrolimex
1346094960,21.1126707,105.314577,fuel,Petrolimex
1346095205,21.3166685,105.8682379,fuel,PSP Fuel Station
1346290988,20.8751265,105.3367339,fuel,PV Oil
1346370685,21.0595112,105.9039671,parking,
1346643113,20.5707947,105.8182604,parking,
1346643114,20.5745283,105.8141537,parking,
1346643115,20.5738996,105.817625,parking,
1348489979,21.3625326,105.8880421,parking,
1348489980,21.3621002,105.8888094,parking,
1348720000,21.1185094,105.9496055,police,Công an phường Đồng Nguyên
1348720009,21.1181715,105.9489788,police,Công an phường Trang Hạ
1350379180,21.0368302,105.7871696,parking,
1350645039,21.0168901,105.8241549,police,Công an phường Đống Đa (Trụ sở chính)
1352283656,21.0592134,105.9053135,parking,
1352503903,21.0612306,105.9023269,parking,
1363302066,21.2027975,105.6893419,police,Công an xã Tam Đồng
1363302068,21.1782026,105.6771806,police,Công an xã Thạch Đà
1363302069,20.57016,105.87076,police,Công an xã Thi Sơn
1363311261,20.826169,105.8813445,police,Công an xã Chương Dương
1363521910,21.0661678,105.6734529,police,Công an xã Minh Khai
1363521912,20.8740194,105.8815953,police,Công an xã Hồng Vân
1363521915,20.8785572,105.8338951,police,Công an xã Hòa Bình
1363521918,21.0611309,105.9647573,police,Công an xã Phù Đổng
1363604339,20.9817886,105.9179267,police,Công an xã Bát Tràng
1363604340,20.9577012,105.9161321,police,Công an xã Xuân Quan
1363776262,20.9235508,105.8594888,police,Công an xã Ngũ Hiệp
1368344175,21.0792505,105.8355872,parking,Motobike parking
1382944871,21.2038292,105.9817798,parking,
1382944877,21.2049849,105.9903879,parking,
1382944880,21.2046725,105.9924711,parking,
1382947499,21.1802733,106.019165,parking,
1382947500,21.1805813,106.0189716,parking,
1382947510,21.1939678,105.9972211,fuel,Cửa Hàng Xăng Dầu Long Khánh
1383225745,21.0752618,105.9767478,parking,
1383494527,21.1987701,105.993181,parking,
1385594807,21.1295318,105.9576357,parking,
1387326073,21.0744712,105.9738282,parking,
1387434526,20.9342737,106.0125023,fuel,Petrolimex
1388795034,21.0753413,105.9777501,parking,
1388795035,21.0752041,105.9775308,parking,
1388795036,21.0760015,105.9769531,parking,
1388795037,21.0764839,105.9769258,parking,
1392139468,21.140686,105.9325095,parking,
1394470364,21.0113169,105.5319207,parking,
1394470365,21.0107228,105.5303349,parking,
1394572585,21.0757104,105.9673466,parking,
1394578605,21.0790906,105.9682224,parking,
1394899249,20.9755782,105.8086912,parking,Bãi đỗ xe và trung chuyển hàng hóa Vạn Thuận
1396021732,21.2184261,105.9632197,parking,
1396021743,21.2121251,105.9584303,parking,
1396021755,21.2104862,105.9570609,parking,
1396021780,21.2194948,105.9615372,parking,
1396238227,21.2108785,105.9573831,parking,
1396238234,21.2145649,105.9524918,parking,
1408496893,20.8884721,105.7964145,fuel,Cửa hàng xăng dầu Tam Hưng
1410097224,21.1541434,106.0127686,fuel,Petrolimex – Cửa hàng số 162
1414218399,20.7208129,105.8346965,police,Công an xã Ứng Hoà (trụ sở 1)
1414218404,20.7208135,105.8338704,police,Công an xã Ứng Hoà (trụ sở 2)
1416271024,21.198402,105.9829448,parking,
1419194434,21.1508499,105.9572879,fuel,Petrolimex – Cửa hàng số 12
1419194456,21.132549,105.9629591,fuel,Petrolimex – Cửa hàng số 11
1419396189,21.1890551,105.9981982,fuel,Petrolimex – Cửa hàng số 17
1420732643,20.9516986,105.7519595,fire_station,Đội Chữa cháy và Cứu nạn cứu hộ khu vực số 15
1420897264,21.0206531,105.637223,parking,
1420963260,20.9639767,105.8238107,parking,
1420982260,20.9830124,105.7768911,parking,Nhà đỗ xe Galaxy
1424454862,21.2294752,105.7018097,police,Công an phường Phúc Yên
1424958547,21.1275598,105.9774344,fuel,
1425491437,20.9488329,105.9820657,parking,
1426763334,21.0511428,105.8393135,police,Công an phường Tây Hồ
1427647359,20.993175,105.7597695,police,Công an phường Tây Mỗ - Cơ sở 2
1428541248,21.0544259,105.782587,police,Công an phường Nghĩa Đô (Trụ sở chính)
1428541249,21.0533507,105.7831793,police,Công an phường Nghĩa Đô (Cơ sở 3)
1429642374,21.0679314,105.9012104,police,Công an phường Việt Hưng
1429642375,21.0229236,105.915713,police,Công an phường Long Biên (Cơ sở 2)
1429642376,21.0578801,105.8858776,police,Công an phường Việt Hưng
1429652446,20.9891478,105.8460431,police,Trụ sở Công an phường Tương Mai
1430468887,20.9426652,106.0190447,parking,
1430468902,20.9442485,106.0129165,parking,
1430468911,20.9439918,106.0134638,parking,
1430472017,20.9438128,106.0138197,parking,
1430790182,20.9428758,106.0149206,parking,
1430790187,20.9427801,106.0162386,parking,
1430790217,20.9419349,106.0175762,parking,
1430790235,20.9417033,106.0178117,parking,
1430790236,20.9414975,106.0180376,parking,
1430790237,20.9413644,106.0181807,parking,
1430790256,20.9413274,106.0176602,parking,
1430797799,20.9407055,106.0183658,parking,
1430804549,20.9426075,106.0156102,parking,
1430809348,20.9448807,106.0115836,parking,
1430809352,20.9440814,106.0126166,parking,
1430809354,20.9439441,106.0126286,parking,
1430809355,20.944059,106.0124053,parking,
1430809373,20.943763,106.0131774,parking,
1430809375,20.9438061,106.0130227,parking,
1430809385,20.9435571,106.0136919,parking,
1433296685,20.9986561,105.5084192,parking,
1433296686,20.9993864,105.5086522,parking,
1433526192,20.932543,105.9463779,fuel,Petrolimex
1433526193,20.9327245,105.946454,fuel,Petrolimex
1433526194,20.9327067,105.9465476,fuel,Petrolimex
1433950329,21.2103465,105.9644723,fuel,Petrolimex – Cửa hàng số 16
1435144892,21.2001878,105.951611,police,Công an phường Yên Phong
1441817480,21.0037246,105.8658478,police,Công an phường Vĩnh Tuy
1441949304,21.1293241,105.9649309,parking,
1441949309,21.129877,105.9655244,parking,
1442259676,21.0087063,105.829147,parking,Khu để xe cho cán bộ HVNH
1442635976,21.0081877,105.8286045,parking,
1443936472,21.0292762,105.7460517,police,Công an phường Xuân Phương
1443936474,21.0685694,105.7311758,police,Công an phường Tây Tựu
1443936475,21.0491735,105.7429209,police,Công an phường Tây Tựu
1443936477,21.0688895,105.7285549,police,Công an phường Tây Tựu
1444116711,20.9479649,105.8188483,fire_station,Đội Chữa cháy và Cứu nạn cứu hộ khu vực số 31
1444116715,21.0468819,105.5835753,fire_station,Đội Chữa cháy và Cứu nạn cứu hộ khu vực số 30
1444116721,20.954642,105.8417305,fire_station,Đội Chữa cháy và Cứu nạn cứu hộ khu vực số 5
1444119056,21.0931061,105.6925923,police,Công an xã Ô Diên
1444119061,21.0920083,105.6956148,fire_station,Đội Chữa cháy và Cứu nạn cứu hộ khu vực số 24
1444431788,21.0090267,105.8295883,parking,
1444431789,21.008832,105.8294056,parking,
1444629301,21.0201675,105.9653981,police,Công an xã Thuận An
1444629302,20.9437315,105.8999224,police,Công an xã Bát Tràng
1444632087,21.0741674,105.9264692,police,Công an xã Phù Đổng
1444632088,21.077166,105.9430146,police,Công an xã Phù Đổng
1444633687,21.1734443,105.8958785,police,Công an xã Thư Lâm
1444634266,21.1158226,105.7881384,police,Công an xã Vĩnh Thanh
1444838247,20.9808983,105.8619135,fire_station,Đội Chữa cháy và Cứu nạn cứu hộ khu vực số 12
1444848568,20.9300173,106.014572,parking,
1445338643,21.0085964,105.8293847,parking,
1445352690,21.131217,105.4983807,police,Công an phường Sơn Tây
1445352691,21.1059252,105.4966905,police,Công an phường Tùng Thiện
1445352693,21.1098675,105.4456505,police,Công an phường Tùng Thiện
1445352694,21.1483772,105.5095203,police,Công an phường Sơn Tây
1445436558,20.9862549,105.8600694,parking,
1445436564,20.9828867,105.8628396,parking,
1445978414,21.00691,105.8420881,parking,
1446455169,21.0847945,105.8664216,parking,
1446455170,21.0824257,105.8639047,parking,
1446706910,20.9844352,105.8458433,police,Công an phường Tương Mai
1446706932,20.9878141,105.85435,parking,Bãi gửi xe ôtô TVT
1446781454,21.0900996,105.860552,parking,
1447145291,21.1402266,105.9906181,parking,
1448136427,20.9973065,105.8605137,police,Công an phường Bạch Mai (Trụ sở chính)
1451379317,20.9577206,105.7826101,police,Công an phường Kiến Hưng (Trụ sở chính)
1451711156,20.9918987,105.8463561,parking,
1451722447,21.0694913,105.8785467,parking,
1453028468,20.9535677,105.949253,fuel,Petrolimex
1453028469,20.9536084,105.9491662,fuel,Petrolimex
1453028471,20.9535214,105.9492109,fuel,Petrolimex
1453097161,20.9937404,105.8512919,parking,
1453263257,20.9481691,105.985593,parking,
1453263258,20.949035,105.9851757,parking,
1453263259,20.949974,105.9847226,parking,
1453263260,20.950907,105.9842751,parking,
1453263261,20.9521694,105.9836657,parking,
1453263262,20.9523115,105.9829805,parking,
1453263263,20.9519483,105.9821213,parking,
1453263264,20.9516214,105.9813439,parking,
1453263265,20.9507555,105.9811423,parking,
1454185281,20.9822248,105.8684518,parking,Bãi đỗ xe Chợ chim Đồng Phát
1454185282,20.9819086,105.8694658,parking,Bãi xe NTS Transport
1454852336,20.938395,105.9846482,parking,
1454852337,20.9390693,105.984911,parking,
1454933348,21.1425352,105.9296123,fuel,Cửa hàng xăng dầu Phù Khê
1455209053,20.9917171,105.8420785,police,Bộ Tư Lệnh Cảnh Sát Cơ Động - Đoàn Nghi lễ Công An Nhân Dân
1455379894,20.9418493,105.9825885,parking,
1455495074,21.1316895,105.9872682,fuel,Cửa hàng bán lẻ xăng dầu số 501
1455718140,21.0803775,105.8618068,parking,
1455718142,21.0820031,105.8609551,parking,
1456173879,20.9465845,105.9871177,parking,
1456397275,20.940568,105.9884015,parking,
1456401327,20.9665384,105.9778474,parking,
1456412218,20.9504142,105.9677797,parking,
1456420100,20.9486558,105.9661632,parking,
1456609663,21.1334434,105.9733515,parking,
1456609664,21.1302136,105.9741015,parking,
1456616646,21.0221527,105.9071814,parking,
1456818562,20.9604894,105.9762994,parking,
1456818563,20.9609678,105.9765752,parking,
1456818564,20.9609755,105.9769629,parking,
1456818565,20.9604007,105.9768576,parking,
1456818566,20.9606823,105.9770999,parking,
1456829672,20.9552083,105.9724445,parking,
1456829674,20.9555099,105.9731465,parking,
1457067146,20.945095,105.9687651,parking,
1457071716,20.9552132,105.9862542,police,
1457071717,20.9554062,105.9861207,police,
1457546479,21.1285843,105.9570054,parking,
1457768502,20.9432028,106.0151756,parking,
1457990612,21.0531411,105.8743861,parking,
1457990613,21.0514625,105.873762,parking,
1457990614,21.0510875,105.8748096,parking,
1458256831,21.1327526,105.9761151,parking,
1459056654,20.942513,105.9826115,parking,
1459056655,20.942366,105.9830479,parking,
1459056656,20.9422126,105.9835107,parking,
1459056657,20.940359,105.9890576,parking,
1459056658,20.9398876,105.9904433,parking,
1459056659,20.9397927,105.9907209,parking,
1459056660,20.9394214,105.9930605,parking,
1459814805,20.9500139,105.9652325,parking,
1460502838,20.9487753,105.9717802,parking,
1460502839,20.9485552,105.9712772,parking,
1460756543,20.9817781,105.868334,parking,
1460930382,20.9417421,105.9720582,parking,
1461747603,20.9581196,105.9835604,parking,
1461839840,20.8680321,105.8558322,police,Công an xã Văn Phú
1461839846,20.8699612,105.8594206,police,Công an Thị trấn Thường Tín
1462067159,20.9454824,105.9776486,parking,
1462487287,20.9537416,105.7332758,police,Công an phường Yên Nghĩa
1462920002,21.0933916,105.852329,parking,
1462920028,21.081608,105.8546376,parking,
1463075990,21.1350637,105.8520283,parking,
1463858337,20.984695,105.8516563,parking,
1464295100,21.3148868,105.397087,parking,
1464823671,21.0102236,105.803537,police,Công an phường Yên Hòa
1465110026,20.9529352,105.9727756,parking,
1465110035,20.9514531,105.9725668,parking,
1465110043,20.9513546,105.9716377,parking,
1465123161,21.1141286,105.8424678,parking,
1465123176,21.1117331,105.8416959,parking,
1465166038,21.1310255,105.8418244,parking,
1465329242,20.947271,105.9828274,parking,
1465390668,21.1293126,105.8847569,parking,
1466038030,20.8808712,105.8641344,parking,
1466038041,20.8796045,105.8637179,parking,
1466464561,20.9425504,105.9800292,parking,
1466543097,21.0570095,105.9150482,parking,
1466698766,21.1537872,105.8939812,parking,
1466965212,20.9447084,105.9872368,parking,
1466965213,20.9447858,105.9868167,parking,
1467518328,20.9375658,105.9769302,parking,
1468135123,21.0414385,105.7263679,parking,
1468135124,21.0412202,105.7260227,parking,
1468453753,20.9533547,105.9766698,parking,
1468453754,20.9535143,105.9771985,parking,
1469388210,21.0513562,105.8698222,parking,
1469388211,21.0517011,105.8698089,parking,
1469999119,21.0608225,105.8378994,parking,
1471867796,20.9256741,105.9475675,parking,
1471935130,21.0494285,105.8645776,parking,
1471935132,21.062666,105.8637202,parking,
1472182573,21.0570726,105.8679239,parking,
1472182574,21.0571691,105.8682723,parking,
1473328592,20.9817351,105.8373582,police,"Cục Cảnh sát quản lý trại giam, cơ sở giáo dục bắt buộc, trường giáo dưỡng & Cục Cảnh sát quản lý tạm giữ, tạm giam và thi hành án hình sự tại cộng đồng ( C10 & C11)"
1474093818,21.0759344,105.8960005,parking,
1474093819,21.076017,105.8963681,parking,
1474096623,21.0235905,105.8882012,parking,
1474138680,21.042798,105.8528133,parking,
1474582861,21.1010684,105.8659395,parking,
1475290240,20.982165,105.8250265,parking,
1475313026,20.9864474,105.8400035,parking,
1475629249,20.9830211,105.8255144,parking,Bãi đỗ xe 195 Định Công Hạ
1476179329,20.9846372,105.8423623,police,Công an phường Tương Mai
1476571834,20.9823729,105.8373466,police,Phòng Bưu Chính - Văn Phòng Bộ Công An
1477836678,20.9795138,105.8220869,parking,Nơi gửi xe Khách sạn A15
1478851262,20.9813854,105.8683357,parking,
1479282627,20.9754676,105.8260518,parking,Bãi xe 161 Trần Hòa
1479282641,20.9738836,105.8260581,parking,
1479765288,21.1196921,105.9522681,parking,
1479839770,21.1068789,105.9440552,parking,
1479839771,21.1066455,105.9442014,parking,
1479839772,21.1066104,105.9440835,parking,
1481009971,21.2470841,105.7906532,police,Công an xã Nội Bài
1481009980,21.2471165,105.915848,police,Công an xã Đa Phúc
1481010999,21.2059245,105.788502,police,Công an xã Nội Bài
1481011002,21.2377128,105.8054026,police,Công an xã Nội Bài
1481487742,20.989368,105.8407085,parking,
1481550754,21.0289785,105.805811,parking,
1482440119,20.9729336,105.8356298,parking,
1482787843,20.9761749,105.8243511,police,Đoàn xe CAND
1483315133,20.9877229,105.8674428,fuel,Cây xăng Công ty CP Dệt Công Nghiệp Hà Nội
1484092471,20.9792081,105.8475541,parking,Bãi Gửi Xe Ô Tô Nguyễn Chính
1484094153,20.9846337,105.8570472,parking,
1484826116,20.9461599,106.0009309,fire_station,
1484826117,20.9462222,106.000893,fire_station,
1486518100,20.9817646,105.8143645,parking,
1487883042,20.9458671,105.9767697,parking,
1491676012,20.9832096,105.8588137,parking,
1493788031,20.9821154,105.8785065,fuel,Petrolimex
1493807855,20.9818939,105.880559,fuel,Cửa Hàng Xăng Dầu Mipec
1493877574,21.0575227,105.8751522,parking,
1494312825,20.9645014,105.9772105,parking,
1495355953,20.9684963,105.8475566,police,Trụ sở Công an phường Yên Sở
1495780447,20.9341009,106.0124941,fuel,Petrolimex
1497036639,21.0442178,105.8446631,parking,
1497233673,21.0412934,105.8493295,parking,
1497238506,21.0394,105.8515462,parking,
1497244737,21.0411305,105.8497785,bus_station,Điểm trung chuyển Long Biên
1497557477,21.0413499,105.85041,police,Ban quản lý chợ Long Biên
1497557478,21.0418851,105.8504006,parking,Bãi A2
1497557479,21.0418668,105.8513281,parking,Bãi A1
1497557480,21.0412944,105.8515387,parking,Bãi K
1497557481,21.0416486,105.8501909,parking,Bãi G
1497557483,21.0411865,105.8506028,fire_station,Phòng cảnh sát PCCC
1497610123,21.0500696,105.8398256,parking,
1498073030,21.0440353,105.8380198,parking,
1498235953,21.1092296,105.9924253,fuel,Cửa hàng xăng dầu Hùng Vương Hoàn Sơn
1498334056,21.0469482,105.8067465,parking,
1498334057,21.0465015,105.8072844,parking,
1498421963,21.0327913,105.8142821,parking,
1500957230,20.8588285,105.8472814,parking,
1500957231,20.8587808,105.847202,parking,
1500957232,20.8590454,105.8475375,parking,
1500957233,20.8590211,105.8477143,parking,
1501058503,21.0604708,105.9202569,parking,
1503390981,20.5683405,105.94297,parking,
1503681286,20.9947786,105.8649853,parking,
1504466894,20.9384362,105.9927098,parking,
1504482767,20.99478,105.8703267,police,Doanh trại Cảnh sát Cơ động
1506986880,20.8673091,105.8526657,parking,
1506986882,20.8671409,105.8527916,parking,
1507371078,20.991644,105.8711926,parking,
1507371079,20.9914354,105.8721628,parking,
1507598616,21.0429224,105.7696336,fuel,Cửa hàng xăng dầu Mai Dịch 2
1507598617,21.0430572,105.7702209,parking,
1509693467,21.0426268,105.8432705,police,Công an phường Ba Đình (Cơ sở 4)
1510310674,20.9756913,105.8183083,parking,
1510310676,20.9744783,105.8184723,parking,
1510310677,20.9745686,105.8187531,parking,
1510319025,20.9754003,105.8221015,parking,Bãi gửi xe Kim Văn
1510787647,20.9820755,105.8367439,parking,
1510787648,20.9811534,105.8367624,parking,
1510995457,20.974861,105.8690524,parking,
1511147485,21.0385075,105.8494903,parking,
1511147488,21.0387745,105.8499573,parking,
1512777152,21.0383626,105.846616,parking,
1514328157,20.891351,105.9773904,fuel,Petrolimex
1514347209,20.8738501,105.9920331,fuel,Petrolimex
1515133656,20.8229663,106.0064751,fuel,Petrolimex
1518755302,21.0204251,105.6427743,parking,Bãi đỗ xe Chùa Thầy
1524880503,20.9795201,105.8876797,parking,Bãi xe vận tải Bắc Nam
1527119270,20.9891583,105.877831,police,Công an phường Vĩnh Hưng
1527562292,20.9824758,105.8659129,parking,Bãi xe Minh Thành
1529354826,20.9856541,105.8574166,parking,
1529991667,20.9827812,105.866317,parking,
1529991668,20.9833545,105.8659362,parking,
1530027061,20.9792973,105.8639972,parking,
1530151858,20.9892277,105.8598702,parking,
1530151861,20.9891249,105.8585893,parking,
1533203885,20.9725787,105.8836199,police,Công an phường Lĩnh Nam
1534767502,20.964172,105.9763284,parking,
1534767503,20.9639511,105.9758197,parking,
1534767504,20.9636089,105.9757307,parking,
1534767505,20.9630611,105.9759951,parking,
1534817176,20.9879537,105.8363371,parking,Bãi Xe Nguyễn Lân
1535786882,20.9231277,105.8466323,police,Công an xã Ngọc Hồi
1539952281,20.9969543,105.8667439,parking,
1539952282,20.9966153,105.8660594,parking,
1539952283,20.9974864,105.8684976,parking,
1539952284,20.9971096,105.8687387,parking,
1539994970,20.9665929,105.8686673,police,Công an phường Hoàng Mai (Trụ sở chính)
1539994972,20.967998,105.8713645,police,Công an phường Hoàng Mai (Cơ sở 2)
1539999527,20.907271,105.8565644,police,Công an xã Ngọc Hồi
1539999528,20.9243116,105.8411025,police,Công an xã Ngọc Hồi
1539999530,20.8754565,105.9098568,police,Công an xã Hồng Vân
1540001704,20.804115,105.8564418,police,Công an xã Thượng Phúc
1540001705,20.8629727,105.9179405,police,Công an xã Chương Dương
1540178640,20.9011541,105.7982546,police,Công an xã Tam Hưng
1544980189,21.22366,105.509136,parking,
1545308170,21.2251809,105.5091118,parking,
1545308172,21.2243611,105.5081916,parking,
1545933480,21.2014781,105.9796029,parking,
1546289208,21.1791018,105.8009638,parking,
1547379217,21.0154053,105.8602432,parking,
1547379218,21.0148701,105.8604327,parking,
1547903437,20.9824039,105.8903876,parking,
1547937019,20.959873,105.801015,parking,
1548762398,21.0282669,105.8007515,police,Công an phường Láng (Cơ sở 3)
1552733243,21.1974149,105.9531564,police,Đội Cảnh sát Giao thông đường bộ số 1 - Tổ Yên Phong
1556452987,21.0018065,105.8919586,parking,
1556596581,21.0708861,105.7744625,parking,
1558052609,21.2002323,105.9936678,parking,
1558052630,21.200878,105.9936315,parking,
1558105858,21.0646215,105.8209042,parking,
1559025972,21.056919,105.8352979,parking,
1563400097,20.9842894,105.7514486,police,Công an phường Dương Nội (Trụ sở chính)
1563400098,20.9805005,105.7482968,police,Công an phường Dương Nội (Cơ sở 2)
1563400099,20.9954295,105.7938089,police,Công an phường Đại Mỗ (Cơ sở 2)
1563679809,20.9808519,105.7731438,police,Công an phường Hà Đông (Cơ sở 3)
1563684034,20.9678427,105.8454909,police,Công an phường Hoàng Liệt (Cơ sở 3)
1563684035,21.0513614,105.8408648,police,Công an phường Hồng Hà (Cơ sở 2)
1563826235,21.0133738,105.8107203,police,Công an phường Láng (Trụ sở chính)
12992228,21.2170164,105.7946882,parking,
20979635,20.9827302,105.8633084,fuel,Cửa hàng bán lẻ xăng dầu Sang Mạn
21320314,21.0160329,105.7829939,parking,
21320636,21.0201479,105.7832146,parking,
21371536,21.006353,105.7904693,parking,
21372008,21.0166809,105.7824257,parking,
21372070,21.0150928,105.7837588,parking,
21372112,21.0143222,105.7843934,parking,
21376219,21.0123854,105.7882891,fuel,Mipecorp
21395413,21.0262138,105.851374,police,Văn phòng Cơ quan Cảnh sát điều tra
21400695,21.0271969,105.854692,parking,
21400696,21.0277143,105.8547949,parking,
21421558,21.0350101,105.8378709,parking,
21429697,21.027438,105.7796646,parking,
21430094,21.0282625,105.7775266,bus_station,Bến xe Mỹ Đình
21439108,21.0357245,105.7797877,police,Đội Cảnh sát Giao thông số 6
21439220,21.0359295,105.7798829,parking,
21460909,21.0400214,105.7651465,police,Công an phường Cầu Diễn
